22,-0.009705,0.990356,0.213087
37,-0.005555,0.990844,0.210401
53,-0.004944,0.975829,0.219435
69,-0.004822,0.959226,0.210889
84,-0.00409,0.987304,0.216383
100,-0.005066,0.998291,0.212965
115,-0.007386,0.982299,0.221144
131,-0.004334,0.980834,0.212354
147,-0.003723,0.978148,0.218702
162,-0.002747,0.975707,0.216627
178,-0.003357,0.983642,0.216261
193,-0.005677,0.987914,0.215284
209,-0.004334,0.985717,0.216261
225,-0.007264,0.981322,0.214918
240,-0.006409,0.979857,0.211744
256,-0.005921,0.979613,0.217848
272,-0.0047,0.982177,0.213819
287,-0.006409,0.985839,0.215772
303,-0.006653,0.985717,0.213453
319,-0.006775,0.983153,0.218458
334,-0.004334,0.978026,0.217115
349,-0.0047,0.983275,0.218336
365,-0.006043,0.981933,0.217726
381,-0.007264,0.980834,0.217481
397,-0.004944,0.985106,0.213819
412,-0.004212,0.979735,0.21565
428,-0.004212,0.982909,0.214674
443,-0.006653,0.982909,0.214185
459,-0.006775,0.984618,0.216261
475,-0.004456,0.981566,0.217604
490,-0.006287,0.982787,0.213575
506,-0.006775,0.983275,0.215528
522,-0.00531,0.98413,0.216627
537,-0.005432,0.985229,0.216505
553,-0.004944,0.983031,0.21565
568,-0.004578,0.983397,0.213941
584,-0.005432,0.984252,0.215772
599,-0.007508,0.980345,0.217115
615,-0.006409,0.98474,0.216627
631,-0.003723,0.979857,0.214796
647,-0.005555,0.982543,0.215406
662,-0.004944,0.984618,0.214674
678,-0.005555,0.980101,0.218092
693,-0.005677,0.984374,0.214308
709,-0.007019,0.98181,0.21443
725,-0.006531,0.982055,0.215284
740,-0.006409,0.984374,0.217359
756,-0.00409,0.981322,0.214918
772,-0.003845,0.983031,0.215284
787,-0.005432,0.982787,0.215895
803,-0.006165,0.981933,0.214552
818,-0.006531,0.981566,0.216383
834,-0.005432,0.982543,0.215406
850,-0.007264,0.983153,0.215162
865,-0.006409,0.982421,0.214185
881,-0.007019,0.983764,0.218702
896,-0.002991,0.98352,0.21504
912,-0.0047,0.983642,0.21443
928,-0.005677,0.98352,0.216139
943,-0.006531,0.981566,0.215284
959,-0.006043,0.984008,0.214674
975,-0.006409,0.982177,0.214308
990,-0.005188,0.983275,0.215528
1006,-0.004944,0.982787,0.213697
1021,-0.005432,0.982787,0.214796
1037,-0.005555,0.984374,0.21504
1053,-0.005921,0.982299,0.213819
1068,-0.003235,0.982055,0.214918
1084,-0.006897,0.982177,0.217237
1100,-0.006043,0.981322,0.216627
1115,-0.004334,0.982421,0.216383
1131,-0.004944,0.982055,0.21504
1146,-0.003845,0.982543,0.216139
1162,-0.006775,0.983031,0.213575
1177,-0.006043,0.981566,0.21504
1193,-0.0047,0.983642,0.216017
1209,-0.00531,0.985106,0.215528
1224,-0.005432,0.982055,0.213575
1240,-0.0047,0.982299,0.214552
1256,-0.006653,0.983275,0.215406
1271,-0.003479,0.984008,0.211744
1287,-0.005188,0.981933,0.217359
1303,-0.004334,0.983275,0.214552
1318,-0.007386,0.983153,0.212721
1334,-0.006897,0.983153,0.214552
1349,-0.004456,0.985106,0.214552
1365,-0.005432,0.983764,0.217237
1381,-0.006165,0.983031,0.216383
1396,-0.006653,0.982665,0.218458
1412,-0.006531,0.984374,0.216139
1428,-0.005432,0.981322,0.216017
1443,-0.005188,0.983764,0.216749
1459,-0.00531,0.98059,0.217237
1474,-0.005066,0.981566,0.215162
1490,-0.003723,0.983764,0.214674
1506,-0.005188,0.983031,0.21565
1521,-0.003723,0.981688,0.215528
1537,-0.004822,0.981688,0.214552
1553,-0.006775,0.982787,0.216505
1568,-0.005432,0.982787,0.215406
1584,-0.00531,0.983031,0.212354
1599,-0.004944,0.982055,0.215895
1615,-0.006165,0.983886,0.215284
1631,-0.003357,0.982787,0.214918
1646,-0.004578,0.983886,0.21443
1662,-0.005799,0.983764,0.213819
1678,-0.004212,0.98059,0.213087
1693,-0.006409,0.981566,0.216749
1709,-0.0047,0.984252,0.216993
1724,-0.005432,0.982787,0.214796
1740,-0.004456,0.983764,0.214918
1755,-0.006043,0.980712,0.214674
1771,-0.003723,0.983153,0.216627
1787,-0.006531,0.981322,0.214552
1802,-0.00531,0.984374,0.21565
1818,-0.005432,0.980101,0.215528
1833,-0.004822,0.981444,0.214308
1849,-0.005066,0.982055,0.214796
1865,-0.004456,0.982543,0.216017
1881,-0.005555,0.982055,0.213575
1896,-0.003479,0.983031,0.215284
1912,-0.003968,0.9812,0.213941
1927,-0.005799,0.983031,0.217115
1943,-0.005921,0.982543,0.21565
1959,-0.00409,0.983397,0.211256
1974,-0.006775,0.982543,0.21797
1990,-0.005555,0.983764,0.217115
2006,-0.008729,0.982055,0.215284
2021,-0.006531,0.983764,0.217481
2037,-0.00409,0.983397,0.215895
2052,-0.003723,0.984374,0.216749
2068,-0.005432,0.982787,0.214796
2084,-0.004822,0.983764,0.215772
2099,-0.005799,0.98413,0.215162
2115,-0.003723,0.980712,0.215406
2131,-0.005555,0.982665,0.214796
2146,-0.005799,0.983275,0.213453
2162,-0.006165,0.981566,0.212965
2177,-0.006043,0.983764,0.214308
2193,-0.005799,0.983642,0.215895
2208,-0.004822,0.985351,0.215528
2224,-0.005677,0.982665,0.21797
2240,-0.004578,0.983397,0.215406
2255,-0.005066,0.984008,0.216383
2271,-0.005432,0.984008,0.21504
2287,-0.004822,0.981444,0.215284
2302,-0.006897,0.983397,0.214918
2318,-0.0047,0.982665,0.215162
2334,-0.006409,0.983642,0.216017
2349,-0.006287,0.983886,0.215284
2365,-0.005188,0.982055,0.213941
2380,-0.006531,0.982299,0.214552
2396,-0.004822,0.983397,0.216871
2412,-0.004334,0.983275,0.215528
2427,-0.005188,0.98474,0.218702
2443,-0.004456,0.982055,0.216139
2459,-0.004578,0.980468,0.216993
2474,-0.00531,0.981566,0.215895
2490,-0.005921,0.98352,0.215406
2505,-0.007142,0.98181,0.214308
2521,-0.005555,0.982909,0.217237
2537,-0.006043,0.982787,0.214552
2552,-0.004334,0.983275,0.215528
2568,-0.006043,0.982421,0.215406
2584,-0.003601,0.984374,0.21504
2599,-0.00409,0.982909,0.216261
2615,-0.006165,0.982787,0.214918
2630,-0.004822,0.985351,0.214185
2646,-0.005677,0.98352,0.215528
2662,-0.005188,0.981322,0.215528
2677,-0.00531,0.981566,0.215406
2693,-0.005432,0.983275,0.217237
2709,-0.004578,0.982421,0.21443
2724,-0.005677,0.982299,0.216749
2740,-0.0047,0.981688,0.215772
2755,-0.007142,0.982787,0.21504
2771,-0.005799,0.9812,0.21443
2787,-0.00409,0.981933,0.213697
2802,-0.00531,0.983275,0.215528
2818,-0.00531,0.983275,0.214552
2833,-0.005921,0.982909,0.215406
2849,-0.00409,0.982421,0.215284
2865,-0.006165,0.983764,0.214796
2880,-0.004334,0.981566,0.215162
2896,-0.005066,0.983642,0.216261
2912,-0.005921,0.982787,0.216749
2927,-0.005066,0.982909,0.216261
2943,-0.005188,0.98413,0.214552
2958,-0.005799,0.983153,0.216017
2974,-0.004944,0.982787,0.215284
2990,-0.004944,0.98352,0.216871
3005,-0.004944,0.982909,0.214674
3021,-0.005799,0.982055,0.216749
3036,-0.0047,0.98352,0.21443
3052,-0.005066,0.982177,0.216993
3068,-0.005432,0.985351,0.216993
3083,-0.00409,0.982055,0.215895
3099,-0.003968,0.985473,0.215406
3115,-0.003723,0.983275,0.217237
3130,-0.003968,0.980468,0.215772
3146,-0.004334,0.984252,0.216139
3161,-0.005799,0.98413,0.215528
3177,-0.005921,0.982055,0.21797
3193,-0.005799,0.982299,0.215772
3208,-0.005799,0.983275,0.215406
3224,-0.002136,0.982421,0.21565
3240,-0.005921,0.982543,0.216383
3255,-0.002747,0.983153,0.216017
3271,-0.006531,0.982055,0.214552
3286,-0.006775,0.9812,0.217359
3302,-0.006775,0.984252,0.214063
3318,-0.006287,0.981566,0.215406
3333,-0.005432,0.983031,0.21504
3349,-0.006165,0.982787,0.213087
3365,-0.004456,0.983031,0.21565
3380,-0.007019,0.982543,0.215895
3396,-0.006165,0.984374,0.215895
3411,-0.00531,0.982055,0.214185
3427,-0.008484,0.982787,0.216871
3443,-0.008729,0.982543,0.21504
3458,-0.005432,0.982909,0.215284
3474,-0.006043,0.983153,0.217237
3490,-0.004212,0.983275,0.219435
3505,-0.006775,0.981688,0.214063
3521,-0.005921,0.983153,0.216749
3536,-0.006653,0.98352,0.216505
3552,-0.005677,0.981688,0.214796
3568,-0.004822,0.982177,0.214674
3583,-0.004944,0.983153,0.216139
3599,-0.004578,0.982055,0.21565
3615,-0.006531,0.983153,0.214185
3630,-0.006409,0.98181,0.217237
3646,-0.005677,0.9812,0.215284
3661,-0.005799,0.983153,0.216261
3677,-0.006653,0.982421,0.213819
3693,-0.003968,0.981322,0.215284
3708,-0.005066,0.982177,0.216871
3724,-0.006409,0.982543,0.214918
3740,-0.005066,0.981322,0.214185
3755,-0.005188,0.982909,0.216139
3771,-0.005555,0.983886,0.21504
3786,-0.0047,0.982543,0.214674
3802,-0.00531,0.982299,0.216627
3818,-0.006165,0.983764,0.217237
3833,-0.005921,0.982787,0.215895
3849,-0.005188,0.981322,0.21565
3864,-0.004212,0.981933,0.216993
3880,-0.006775,0.981566,0.215406
3896,-0.005188,0.982177,0.217481
3911,-0.004456,0.982421,0.216505
3927,-0.005555,0.983153,0.215162
3943,-0.005188,0.982665,0.21443
3958,-0.005188,0.983031,0.216749
3974,-0.004212,0.981566,0.214918
3989,-0.006043,0.981566,0.214185
4005,-0.004456,0.982177,0.216017
4021,-0.00409,0.980956,0.216139
4036,-0.006165,0.983153,0.215528
4052,-0.004578,0.983031,0.216017
4068,-0.0047,0.981078,0.214796
4083,-0.004212,0.981444,0.215895
4099,-0.005432,0.982543,0.216505
4114,-0.00531,0.983031,0.215772
4130,-0.006287,0.983153,0.216139
4146,-0.006287,0.981566,0.215895
4161,-0.005921,0.982665,0.217359
4177,-0.005066,0.983031,0.215772
4193,-0.006409,0.981078,0.216993
4208,-0.006043,0.982909,0.215284
4224,-0.003601,0.983642,0.216627
4239,-0.003723,0.983764,0.212965
4255,-0.006287,0.982421,0.215284
4271,-0.006897,0.981688,0.21565
4286,-0.005555,0.982421,0.216261
4302,-0.005677,0.982543,0.216139
4317,-0.004212,0.981444,0.216383
4333,-0.006287,0.98413,0.214918
4349,-0.004944,0.983642,0.216261
4364,-0.005677,0.981933,0.216749
4380,-0.005677,0.983031,0.214796
4396,-0.004456,0.982421,0.21565
4411,-0.006531,0.983886,0.215162
4427,-0.006775,0.982421,0.21565
4442,-0.00531,0.983153,0.21565
4458,-0.006165,0.982543,0.214308
4474,-0.005799,0.981444,0.21565
4489,-0.004212,0.983153,0.215895
4505,-0.005799,0.982909,0.215162
4521,-0.003723,0.982177,0.215528
4536,-0.005555,0.984618,0.215406
4552,-0.004822,0.982665,0.217726
4567,-0.005921,0.984496,0.213819
4583,-0.005677,0.983275,0.214918
4599,-0.005555,0.983275,0.21504
4614,-0.004212,0.98352,0.216505
4630,-0.004822,0.980101,0.21504
4645,-0.005555,0.982543,0.214674
4661,-0.004822,0.983886,0.215284
4677,-0.005188,0.984496,0.215406
4692,-0.005066,0.982177,0.216261
4708,-0.006043,0.98181,0.216383
4724,-0.005432,0.980345,0.214185
4739,-0.004578,0.983153,0.216383
4755,-0.005188,0.9812,0.216627
4770,-0.003845,0.983153,0.216383
4786,-0.002625,0.983153,0.215406
4802,-0.006043,0.984496,0.215162
4817,-0.005799,0.982543,0.21443
4833,-0.0047,0.982299,0.214185
4849,-0.00531,0.983764,0.216749
4864,-0.004944,0.983153,0.216505
4880,-0.005555,0.985106,0.216871
4895,-0.005188,0.980712,0.215284
4911,-0.003601,0.984252,0.217604
4927,-0.003968,0.981078,0.216627
4942,-0.006531,0.982055,0.216871
4958,-0.006287,0.982909,0.218824
4974,-0.005432,0.983397,0.214185
4989,-0.007508,0.980712,0.216871
5005,-0.005677,0.98352,0.216261
5020,-0.004944,0.981322,0.216383
5036,-0.006043,0.98352,0.216017
5052,-0.006165,0.985106,0.216261
5067,-0.005799,0.982177,0.213941
5083,-0.003357,0.983397,0.217237
5099,-0.004578,0.981688,0.213697
5114,-0.004212,0.981688,0.216017
5130,-0.004822,0.981566,0.216871
5145,-0.005799,0.983275,0.216383
5161,-0.005921,0.982787,0.216261
5177,-0.004578,0.981933,0.215528
5192,-0.004944,0.982299,0.21504
5208,-0.006165,0.983275,0.218092
5224,-0.006287,0.983031,0.214552
5239,-0.004822,0.983397,0.214796
5255,-0.007508,0.983275,0.217604
5270,-0.006531,0.981078,0.215528
5286,-0.005677,0.983397,0.214918
5302,-0.003723,0.982787,0.215528
5317,-0.004456,0.982665,0.217115
5333,-0.005432,0.982177,0.216383
5348,-0.005066,0.98352,0.215284
5364,-0.005066,0.981566,0.214185
5380,-0.005432,0.98474,0.217237
5395,-0.005066,0.985229,0.216627
5411,-0.005555,0.982909,0.216261
5426,-0.005921,0.981322,0.21504
5442,-0.005677,0.981933,0.217115
5458,-0.005555,0.985595,0.216383
5473,-0.005799,0.982177,0.216261
5489,-0.005188,0.982055,0.215772
5505,-0.005799,0.982543,0.21443
5520,-0.005677,0.981444,0.215895
5536,-0.006043,0.981688,0.214063
5552,-0.005188,0.98181,0.216505
5567,-0.003968,0.9812,0.215772
5583,-0.006531,0.984496,0.21443
5598,-0.004822,0.984252,0.215528
5614,-0.00531,0.982421,0.216505
5630,-0.003357,0.983397,0.21565
5645,-0.005188,0.981078,0.219313
5661,-0.006043,0.984008,0.216993
5677,-0.0047,0.983031,0.217604
5692,-0.003723,0.981933,0.216505
5708,-0.005432,0.982909,0.21565
5723,-0.005188,0.982543,0.21565
5739,-0.007142,0.983153,0.21443
5755,-0.004212,0.982787,0.215162
5770,-0.006165,0.979491,0.215406
5786,-0.00177,0.983764,0.216261
5801,-0.004578,0.980712,0.214674
5817,-0.005921,0.982665,0.21858
5833,-0.006409,0.982299,0.213941
5848,-0.0047,0.982665,0.217604
5864,-0.005066,0.983886,0.213453
5880,-0.0047,0.982787,0.214918
5895,-0.005555,0.983397,0.216993
5911,-0.00409,0.981566,0.21565
5926,-0.00531,0.983275,0.214918
5942,-0.006165,0.983642,0.215406
5958,-0.006409,0.981444,0.215406
5973,-0.004212,0.982909,0.213575
5989,-0.00531,0.982299,0.216139
6005,-0.004578,0.983275,0.216993
6020,-0.005677,0.981688,0.216505
6036,-0.004334,0.982055,0.215284
6051,-0.006043,0.982787,0.214552
6067,-0.005799,0.9812,0.215406
6083,-0.005555,0.984862,0.215162
6098,-0.004456,0.982543,0.212843
6114,-0.003235,0.982055,0.214918
6129,-0.005188,0.982665,0.216871
6145,-0.005677,0.982787,0.214796
6161,-0.007142,0.982543,0.215406
6176,-0.00531,0.981444,0.216871
6192,-0.006775,0.983886,0.215895
6208,-0.006409,0.982421,0.213575
6223,-0.006409,0.981078,0.214918
6239,-0.00409,0.983642,0.215528
6254,-0.003235,0.980468,0.216383
6270,-0.005188,0.983153,0.217115
6286,-0.006043,0.981322,0.216383
6301,-0.003113,0.983886,0.215528
6317,-0.005677,0.982055,0.216017
6332,-0.004212,0.982177,0.216993
6348,-0.005188,0.981566,0.215162
6364,-0.004578,0.981933,0.216505
6379,-0.006165,0.981933,0.217481
6395,-0.005188,0.983397,0.213087
6410,-0.006897,0.98352,0.215528
6426,-0.004456,0.982909,0.214674
6442,-0.006287,0.98181,0.214308
6457,-0.004212,0.983275,0.215284
6473,-0.003723,0.981322,0.216261
6489,-0.006409,0.983031,0.214063
6504,-0.005188,0.983153,0.216261
6520,-0.004944,0.982421,0.216017
6536,-0.005188,0.982421,0.215162
6551,-0.006897,0.98474,0.215162
6567,-0.004578,0.981933,0.217359
6583,-0.004944,0.981933,0.214796
6598,-0.005066,0.982177,0.214308
6614,-0.004822,0.983031,0.215528
6629,-0.003113,0.982177,0.215162
6645,-0.006653,0.983031,0.213941
6661,-0.0047,0.984496,0.214185
6676,-0.005799,0.982055,0.214308
6692,-0.004212,0.983764,0.21565
6707,-0.006653,0.982421,0.215772
6723,-0.005921,0.982055,0.215284
6739,-0.005066,0.982787,0.216871
6754,-0.005799,0.983275,0.215895
6770,-0.006043,0.982055,0.215528
6786,-0.002625,0.982055,0.216017
6801,-0.004944,0.982543,0.216627
6817,-0.004456,0.982909,0.214308
6832,-0.004822,0.9812,0.216749
6848,-0.004578,0.981933,0.214674
6863,-0.006043,0.984008,0.216383
6879,-0.005921,0.982421,0.216749
6895,-0.006897,0.982299,0.215162
6911,-0.004578,0.981933,0.217604
6926,-0.006165,0.982299,0.214796
6942,-0.004822,0.982055,0.215406
6957,-0.005555,0.982909,0.215528
6973,-0.007752,0.984496,0.213941
6989,-0.004822,0.982665,0.215528
7004,-0.005432,0.982787,0.214918
7020,-0.004944,0.982665,0.21443
7036,-0.005921,0.98352,0.214552
7051,-0.006043,0.982543,0.21504
7067,-0.005066,0.982177,0.215895
7082,-0.005677,0.984374,0.216017
7098,-0.004822,0.983642,0.214918
7114,-0.004456,0.982787,0.214918
7129,-0.00409,0.982665,0.214918
7145,-0.006409,0.982665,0.21443
7161,-0.0047,0.982543,0.214674
7176,-0.005799,0.982299,0.216871
7192,-0.006531,0.98059,0.214796
7207,-0.005188,0.983031,0.215772
7223,-0.004822,0.98059,0.214918
7239,-0.003479,0.984374,0.21565
7254,-0.004456,0.983642,0.215772
7270,-0.004334,0.982665,0.216261
7285,-0.005799,0.981322,0.216627
7301,-0.004212,0.98352,0.217359
7317,-0.005677,0.98181,0.214674
7332,-0.005555,0.983397,0.215895
7348,-0.005677,0.982177,0.215162
7364,-0.004212,0.984618,0.216383
7379,-0.005555,0.983153,0.213575
7395,-0.005188,0.982299,0.215895
7410,-0.004822,0.983153,0.216993
7426,-0.005188,0.983031,0.214918
7442,-0.005799,0.982177,0.214552
7457,-0.006165,0.983031,0.211622
7473,-0.003113,0.982543,0.216749
7489,-0.004944,0.983031,0.214918
7504,-0.004578,0.982299,0.217115
7520,-0.005432,0.982665,0.215895
7535,-0.005921,0.982055,0.21504
7551,-0.004944,0.983153,0.215895
7566,-0.005677,0.98413,0.215528
7582,-0.004334,0.980468,0.216749
7598,-0.004456,0.981933,0.215162
7613,-0.005799,0.982177,0.214674
7629,-0.003845,0.982421,0.215528
7645,-0.006165,0.982177,0.216261
7660,-0.005066,0.982055,0.21504
7676,-0.002991,0.982299,0.217115
7692,-0.006165,0.982909,0.216871
7707,-0.005555,0.98352,0.215162
7723,-0.005799,0.983031,0.216871
7738,-0.003723,0.984008,0.215162
7754,-0.006409,0.981933,0.216261
7770,-0.006043,0.982909,0.216749
7785,-0.004212,0.984984,0.215284
7801,-0.00531,0.982421,0.214308
7817,-0.004456,0.984252,0.215406
7832,-0.004334,0.984862,0.218092
7848,-0.004822,0.980956,0.21565
7863,-0.005677,0.983031,0.21565
7879,-0.005555,0.983153,0.21565
7895,-0.006409,0.982543,0.214674
7910,-0.005921,0.981444,0.21504
7926,-0.006287,0.983153,0.216261
7942,-0.005799,0.981444,0.214185
7957,-0.005921,0.982787,0.214552
7973,-0.005188,0.982665,0.215772
7988,-0.003601,0.98474,0.216383
8004,-0.006409,0.981322,0.216383
8020,-0.003845,0.982787,0.217237
8035,-0.005921,0.982665,0.215284
8051,-0.005921,0.982177,0.216993
8066,-0.006043,0.981933,0.216749
8082,-0.003601,0.983397,0.21565
8098,-0.00409,0.980712,0.217359
8113,-0.004944,0.984252,0.215406
8129,-0.004944,0.984374,0.214552
8145,-0.006409,0.983153,0.220045
8160,0.004944,0.991821,0.209669
8176,-0.005188,0.985717,0.214674
8191,-0.007508,0.985106,0.215162
8207,-0.0047,0.983397,0.216261
8223,-0.0047,0.982421,0.215528
8238,-0.00531,0.984862,0.215162
8254,-0.00531,0.982543,0.21443
8270,-0.005432,0.98059,0.215772
8285,-0.005921,0.982421,0.214063
8301,-0.006043,0.981078,0.217848
8316,-0.003968,0.982299,0.216261
8332,-0.063053,0.96472,0.206983
8348,0.0141,1.016725,0.179637
8375,0.00177,0.977293,0.219557
8391,0.015443,0.972288,0.191357
8406,-0.009827,0.989013,0.208448
8422,0.00531,0.999634,0.24385
8437,0.003357,0.986205,0.226882
8453,-0.010926,0.985595,0.216017
8469,-0.016175,0.982909,0.216505
8484,0.010316,0.98181,0.225417
8500,0.005188,0.984862,0.216749
8516,-0.004456,0.980956,0.216017
8531,-0.005799,0.983886,0.215528
8547,-0.005066,0.981444,0.215406
8562,-0.005555,0.98413,0.216993
8578,-0.008973,0.982421,0.215772
8593,-0.013001,0.983764,0.213941
8609,-0.012635,1.067753,0.1833
8625,-0.003723,1.138558,0.201001
8641,0.068058,1.256485,0.191845
8656,-0.006043,1.114021,0.211256
8672,-0.076115,1.251724,0.336996
8687,-0.064274,1.399438,0.618385
8703,-0.055118,1.378441,0.677593
8719,-0.088079,1.18214,0.646463
8734,-0.081975,1.041384,0.617042
8750,-0.062199,0.946896,0.7462
8766,-0.069279,0.81139,0.857779
8781,-0.000183,0.662577,0.942013
8797,-0.10163,0.575292,0.800647
8812,-0.09516,0.524507,0.759629
8828,0.041323,0.390466,0.736556
8844,-0.010804,0.193066,0.836538
8859,0.102973,0.297809,0.923823
8875,-0.000794,0.178661,0.784777
8891,-0.009827,0.086492,0.639016
8906,0.039126,0.088323,0.57578
8922,-0.053287,0.018739,0.574071
8937,0.029726,-0.009583,0.70506
8953,0.05756,-0.050845,0.759385
8969,0.038638,-0.15278,0.718122
8984,-0.026552,-0.295855,0.697369
9000,-0.016053,-0.439907,0.66746
9016,0.179393,-0.590063,0.606421
9031,0.389367,-0.679912,0.488494
9047,0.413294,-0.775377,0.358603
9062,0.231154,-1.051883,0.296466
9078,0.07636,-1.142099,0.22798
9094,0.012025,-1.14747,0.244094
9109,0.068913,-1.036623,0.228957
9125,0.08576,-0.924922,0.258866
9140,0.03644,-0.924068,0.225417
9156,0.065739,-1.027467,0.252274
9172,-0.131173,-0.882195,-0.047916
9187,-0.214063,-0.766954,0.082464
9203,-0.210157,-0.805774,0.157419
9219,-0.163157,-0.892938,0.173289
9234,-0.063419,-0.851187,-0.069523
9250,-0.113105,-1.026979,0.050479
9265,-0.072087,-1.231826,-0.104438
9281,0.00824,-1.356711,-0.370323
9297,0.067204,-1.370872,-0.336507
9312,0.085638,-1.231582,-0.185375
9328,0.063664,-1.074589,-0.028627
9343,0.058414,-0.964475,-0.019593
9359,0.044619,-0.917842,-0.018861
9375,-0.003723,-0.84313,-0.014222
9390,-0.028139,-0.809559,0.030947
9406,0.002136,-0.909662,-0.084295
9422,0.04938,-1.024293,-0.170359
9437,0.067082,-1.100592,-0.219313
9453,0.054752,-1.049564,-0.137521
9469,0.026186,-0.951413,-0.012635
9484,0.036562,-0.960691,-0.134102
9500,0.021791,-1.024171,-0.183666
9515,-0.003357,-0.980345,-0.112373
9531,-0.003235,-0.976317,-0.000549
9547,0.019716,-1.014283,-0.036196
9562,0.035219,-1.055667,-0.114814
9578,0.046084,-1.069951,-0.147531
9593,0.034731,-1.015504,-0.051822
9609,0.019105,-0.932247,-0.034365
9625,0.022157,-0.879875,-0.05231
9640,0.04169,-0.963377,-0.132515
9656,0.060123,-1.047,-0.136544
9672,0.055606,-1.057621,-0.082219
9687,0.035097,-1.029055,-0.056705
9703,0.040713,-1.027101,-0.095892
9718,0.03644,-1.014527,-0.203321
9734,0.010071,-1.037844,-0.146798
9750,-0.04877,-1.025148,-0.102484
9765,-0.053775,-0.924068,-0.101874
9781,-0.083196,-0.902338,-0.026552
9797,-0.100531,-0.873527,-0.102118
9812,-0.085149,-0.960325,-0.148386
9828,-0.084295,-0.984496,-0.116157
9843,-0.059513,-1.013551,-0.095526
9859,-0.059513,-0.987792,-0.100287
9874,-0.048648,-0.995239,-0.136544
9890,-0.007996,-1.058964,-0.181591
9906,-0.000549,-1.057621,-0.165965
9921,0.010804,-1.026857,-0.133004
9937,0.003601,-0.980834,-0.103461
9953,-0.012025,-0.979613,-0.117988
9968,-0.01996,-0.989623,-0.136422
9984,-0.032534,-0.986327,-0.09223
10000,-0.044009,-0.995971,-0.075627
10015,-0.04169,-0.968626,-0.068791
10031,-0.038393,-0.962278,-0.097723
10046,-0.029726,-0.969725,-0.156931
10062,-0.026186,-0.967283,-0.133126
10078,-0.027406,-0.94653,-0.09223
10093,-0.021058,-0.93127,-0.070256
10109,-0.010193,-0.940426,-0.120918
10125,0.004456,-0.976195,-0.154489
10140,0.012513,-1.023805,-0.12751
10156,0.014344,-1.031984,-0.123482
10171,0.013734,-1.009278,-0.137399
10187,-0.001038,-1.006836,-0.183056
10203,0.013978,-1.023805,-0.201978
10218,0.006409,-1.039431,-0.177684
10234,-0.00177,-1.014527,-0.134713
10250,-0.006409,-0.975096,-0.114326
10265,-0.005188,-0.951535,-0.126167
10281,-0.001282,-0.959226,-0.138619
10296,0.003845,-0.980956,-0.14863
10312,0.000671,-0.982421,-0.145944
10328,-0.005799,-0.960935,-0.146676
10343,-0.014955,-0.966184,-0.147043
10359,-0.0141,-0.973631,-0.16096
10375,-0.007996,-0.963255,-0.160471
10390,-0.000916,-0.957517,-0.144479
10406,0.007508,-0.968382,-0.12983
10421,0.036929,-0.998657,-0.167063
10437,-0.002503,-0.989379,-0.171824
10453,-0.029238,-0.984252,-0.159739
10468,-0.012879,-0.990478,-0.122993
10484,-0.005677,-0.999023,-0.113715
10500,-0.00763,-0.990356,-0.111518
10515,0.013368,-0.989868,-0.176585
10531,0.024843,-0.990722,-0.184765
10546,0.023256,-0.989135,-0.17744
10562,0.018251,-0.998169,-0.157663
10578,0.005188,-0.995483,-0.145822
10593,-0.008973,-1.005494,-0.148874
10609,-0.010804,-1.008179,-0.143502
10624,-0.002991,-0.989745,-0.137276
10640,0.009461,-0.974852,-0.132271
10655,0.016664,-0.978881,-0.134469
10671,0.001038,-0.978636,-0.138986
10687,-0.006531,-0.970823,-0.153024
10703,-0.020082,-0.979735,-0.159617
10718,-0.022157,-0.989745,-0.154001
10734,-0.019105,-0.991455,-0.13691
10749,-0.01996,-0.986327,-0.137032
10765,-0.018251,-0.97766,-0.135445
10781,-0.023866,-0.980834,-0.148263
10796,-0.025575,-0.978148,-0.137521
10812,-0.019227,-0.976439,-0.130196
10828,-0.021425,-0.978026,-0.127754
10843,-0.025575,-0.981322,-0.136788
10859,-0.020082,-0.979247,-0.148874
10874,-0.012879,-0.977416,-0.150461
10890,-0.010438,-0.972044,-0.141549
10906,-0.020326,-0.969359,-0.141549
10921,-0.025209,-0.972777,-0.139352
10937,-0.023622,-0.980834,-0.146798
10952,-0.017518,-0.989013,-0.145334
10968,-0.011658,-0.985107,-0.135689
10984,-0.008484,-0.975829,-0.134957
10999,-0.013368,-0.974364,-0.144113
11015,-0.014588,-0.978881,-0.15571
11031,-0.018129,-0.986083,-0.163157
11046,-0.021181,-0.988891,-0.15217
11062,-0.015931,-0.9812,-0.140084
11077,-0.012147,-0.983764,-0.143869
11093,-0.015321,-0.990478,-0.14863
11109,-0.015077,-0.991088,-0.160471
11124,-0.018251,-0.982177,-0.155954
11140,-0.016542,-0.980101,-0.147897
11156,-0.016908,-0.982909,-0.149484
11171,-0.014588,-0.986449,-0.151071
11187,-0.016786,-0.988647,-0.159495
11202,-0.017518,-0.989501,-0.148386
11218,-0.021913,-0.981933,-0.140084
11234,-0.017396,-0.978148,-0.146676
11249,-0.018129,-0.985595,-0.166209
11265,-0.020936,-0.977171,-0.16096
11281,-0.02057,-0.967771,-0.146188
11296,-0.016542,-0.968504,-0.138253
11312,-0.017518,-0.976805,-0.148019
11327,-0.011292,-0.980101,-0.162669
11343,-0.016053,-0.981933,-0.172435
11359,-0.017518,-0.985229,-0.168162
11374,-0.02411,-0.977538,-0.152292
11390,-0.025087,-0.981322,-0.148996
11405,-0.018251,-0.98767,-0.150217
11421,-0.013001,-0.990356,-0.160837
11437,-0.013734,-0.997681,-0.168895
11452,-0.015565,-0.993408,-0.177074
11468,-0.021791,-0.982299,-0.166697
11484,-0.027406,-0.972899,-0.15864
11499,-0.024477,-0.975462,-0.155344
11515,-0.023378,-0.978758,-0.166697
11530,-0.017396,-0.976561,-0.171458
11546,-0.02057,-0.972533,-0.156565
11562,-0.018006,-0.975218,-0.154367
11577,-0.022401,-0.984008,-0.155466
11593,-0.02997,-0.980345,-0.161814
11609,-0.029726,-0.978148,-0.16865
11624,-0.026674,-0.975707,-0.169627
11640,-0.024843,-0.974608,-0.16743
11655,-0.027895,-0.976195,-0.157053
11671,-0.028993,-0.976439,-0.161936
11687,-0.02704,-0.982421,-0.168284
11702,-0.022279,-0.978758,-0.169505
11718,-0.019105,-0.976683,-0.169261
11734,-0.023988,-0.979613,-0.156931
11749,-0.029604,-0.980956,-0.162669
11765,-0.027284,-0.993286,-0.170482
11780,-0.022401,-0.990722,-0.165354
11796,-0.020692,-0.979125,-0.144723
11812,-0.022401,-0.970335,-0.146188
11827,-0.019105,-0.978026,-0.15925
11843,-0.02057,-0.977416,-0.160349
11859,-0.017518,-0.979857,-0.164866
11874,-0.014222,-0.994384,-0.174998
11890,-0.020082,-1.000244,-0.180126
11905,-0.025942,-0.988525,-0.148874
11921,-0.028139,-0.978148,-0.132393
11937,-0.020448,-0.979979,-0.141793
11952,-0.002136,-0.98767,-0.176097
11968,-0.004456,-0.985229,-0.173167
11983,-0.01056,-0.982299,-0.155344
11999,-0.021547,-0.978514,-0.142037
12015,-0.024477,-0.968992,-0.131173
12030,-0.025331,-0.967039,-0.142037
12046,-0.01703,-0.979125,-0.147043
12062,-0.015077,-0.996704,-0.165965
12077,-0.016664,-0.998413,-0.160227
12093,-0.019105,-0.981566,-0.137521
12108,-0.023012,-0.984008,-0.130928
12124,-0.019716,-0.992797,-0.136422
12140,-0.014955,-0.998657,-0.148752
12155,-0.016053,-0.990844,-0.143991
12171,-0.014344,-0.981566,-0.141427
12186,-0.02057,-0.980834,-0.140573
12202,-0.021303,-0.978392,-0.135079
12218,-0.022767,-0.977904,-0.132638
12233,-0.014222,-0.980834,-0.146676
12249,-0.011536,-0.978392,-0.133858
12265,-0.01349,-0.977904,-0.12458
12280,-0.014344,-0.988158,-0.137154
12296,-0.016664,-0.987914,-0.131539
12312,-0.016419,-0.980712,-0.121406
12327,-0.017884,-0.981444,-0.13044
12343,-0.016542,-0.983153,-0.13337
12358,-0.013245,-0.98413,-0.133492
12374,-0.01117,-0.995239,-0.136666
12390,-0.017396,-0.992553,-0.135323
12405,-0.026674,-0.980956,-0.123848
12421,-0.023744,-0.985473,-0.138497
12436,-0.02936,-0.99292,-0.132638
12452,-0.026552,-0.987914,-0.134102
12468,-0.020204,-0.981078,-0.125801
12483,-0.02057,-0.979491,-0.128609
12499,-0.018373,-0.98181,-0.127144
12515,-0.010438,-0.982787,-0.129586
12530,-0.010438,-0.980101,-0.133004
12546,-0.019838,-0.982909,-0.122871
12561,-0.021913,-0.993408,-0.120186
12577,-0.022767,-0.994262,-0.130806
12593,-0.031557,-0.993408,-0.136422
12608,-0.037173,-0.989745,-0.12397
12624,-0.037783,-0.98767,-0.124458
12640,-0.027406,-0.980834,-0.134835
12655,-0.020936,-0.979491,-0.127999
12671,-0.016786,-0.979979,-0.128487
12686,-0.011292,-0.981078,-0.131417
12702,-0.012025,-0.983519,-0.125069
12718,-0.01117,-0.985595,-0.119819
12733,-0.007386,-0.98706,-0.128487
12749,-0.002747,-0.995117,-0.14338
12765,-0.006409,-0.993408,-0.141793
12780,-0.015077,-0.985473,-0.133858
12796,-0.018617,-0.988403,-0.124214
12811,-0.014955,-0.998657,-0.124458
12827,-0.007019,-1.000366,-0.129219
12843,-0.005555,-0.982299,-0.138131
12858,-0.016542,-0.972899,-0.141305
12874,-0.025087,-0.979735,-0.132027
12889,-0.025209,-0.989501,-0.132149
12905,-0.018251,-0.992187,-0.134835
12921,-0.015077,-0.990112,-0.121284
12936,-0.020082,-0.984618,-0.111762
12952,-0.018739,-0.984252,-0.117012
12968,-0.018373,-0.987792,-0.136544
12983,-0.011658,-0.984862,-0.133858
12999,-0.010071,-0.985595,-0.125435
13014,-0.012513,-0.983031,-0.118232
13030,-0.012269,-0.986694,-0.123604
13046,-0.009705,-0.993652,-0.13105
13061,-0.008606,-0.990966,-0.130196
13077,-0.006165,-0.989623,-0.123115
13093,-0.00763,-0.98999,-0.118476
13108,-0.01117,-0.983153,-0.117866
13124,-0.01056,-0.98059,-0.122139
13139,-0.009339,-0.984496,-0.125923
13155,-0.011292,-0.987792,-0.126778
13170,-0.015199,-0.989623,-0.118354
13186,-0.019349,-0.984862,-0.118721
13202,-0.019838,-0.988769,-0.124214
13218,-0.022767,-0.987304,-0.117012
13233,-0.013856,-0.985717,-0.125191
13249,-0.014955,-0.986327,-0.131539
13264,-0.015077,-0.983153,-0.121895
13280,-0.013245,-0.983519,-0.116767
13296,-0.010926,-0.991699,-0.12458
13311,-0.008729,-0.988525,-0.124336
13327,-0.008606,-0.976317,-0.10578
13342,-0.012879,-0.991699,-0.121284
13358,-0.013368,-0.999145,-0.132515
13374,-0.017518,-0.988158,-0.124825
13389,-0.019593,-0.979247,-0.102606
13405,-0.015687,-0.984618,-0.103583
13421,-0.012391,-0.991577,-0.130196
13436,-0.010926,-1.001709,-0.1269
13452,-0.019471,-0.98767,-0.103949
13467,-0.022645,-0.989013,-0.0987
13483,-0.020814,-0.98999,-0.124947
13499,-0.016908,-0.982177,-0.131905
13514,-0.013856,-0.976317,-0.121528
13530,-0.013856,-0.982177,-0.105902
13545,-0.013368,-0.994995,-0.11103
13561,-0.009827,-0.994506,-0.12104
13577,-0.006409,-0.988281,-0.117012
13592,-0.015199,-0.985473,-0.10871
13608,-0.020692,-0.985717,-0.110786
13624,-0.017762,-0.986327,-0.117988
13639,-0.012513,-0.990112,-0.1175
13655,-0.014466,-0.988281,-0.115913
13671,-0.013001,-0.981322,-0.113471
13686,-0.01703,-0.980468,-0.112128
13702,-0.0141,-0.984984,-0.110175
13717,-0.014344,-0.99353,-0.112617
13733,-0.016664,-0.997192,-0.120063
13749,-0.019227,-0.993652,-0.11518
13764,-0.019349,-0.989501,-0.116401
13780,-0.015565,-0.987914,-0.113593
13796,-0.011903,-0.981566,-0.112861
13811,-0.008729,-0.984862,-0.118843
13827,-0.009949,-0.986816,-0.120308
13842,-0.014466,-0.988036,-0.112983
13858,-0.018006,-0.986694,-0.108832
13874,-0.013978,-0.990234,-0.121528
13889,-0.006531,-0.99121,-0.12397
13905,-0.0047,-0.990112,-0.111518
13921,-0.008118,-0.990112,-0.107367
13936,-0.011048,-0.991699,-0.112617
13952,-0.015687,-0.988403,-0.109931
13967,-0.012391,-0.983397,-0.111762
13983,-0.015321,-0.985107,-0.12043
13999,-0.011781,-0.986938,-0.124336
14014,-0.014222,-0.98767,-0.122749
14030,-0.013612,-0.989623,-0.114692
14045,-0.017152,-0.986083,-0.111884
14061,-0.017518,-0.982909,-0.112373
14077,-0.018251,-0.981444,-0.111396
14092,-0.018373,-0.983519,-0.114692
14108,-0.011903,-0.986571,-0.124336
14124,-0.012025,-0.985839,-0.127144
14139,-0.013978,-0.985595,-0.117012
14155,-0.014588,-0.991577,-0.110297
14170,-0.013734,-0.996338,-0.109443
14186,-0.012513,-0.998291,-0.117744
14202,-0.006531,-0.988769,-0.127266
14217,-0.004456,-0.98474,-0.12043
14233,-0.008118,-0.988036,-0.116279
14249,-0.007386,-0.9906,-0.118843
14264,-0.008729,-0.991455,-0.12336
14280,-0.010316,-0.985961,-0.114936
14295,-0.013123,-0.982909,-0.112739
14311,-0.012269,-0.985229,-0.115058
14327,-0.012635,-0.984252,-0.118843
14342,-0.014344,-0.986083,-0.122993
14358,-0.013123,-0.991943,-0.109931
14373,-0.018739,-0.987914,-0.110786
14389,-0.017884,-0.984618,-0.111762
14405,-0.013612,-0.986083,-0.118232
14420,-0.008851,-0.986083,-0.116401
14436,-0.010193,-0.986083,-0.10871
14452,-0.018861,-0.988891,-0.098822
14467,-0.012391,-0.998291,-0.100409
14483,-0.011781,-0.994873,-0.110541
14498,-0.000061,-0.989257,-0.121528
14514,0.000916,-0.978636,-0.128487
14530,-0.003479,-0.980101,-0.122139
14545,-0.015199,-0.988158,-0.113838
14561,-0.019349,-0.995361,-0.109076
14577,-0.010193,-0.994262,-0.11164
14592,-0.007874,-0.982177,-0.111518
14608,-0.011903,-0.980345,-0.107489
14623,-0.010193,-0.980223,-0.114692
14639,-0.010926,-0.992797,-0.118476
14655,-0.008118,-0.993896,-0.115547
14670,-0.002136,-0.980101,-0.113715
14686,0.001282,-0.974486,-0.107612
14702,0.003968,-0.983764,-0.103827
14717,-0.000794,-1.003174,-0.111518
14733,0.000427,-1.008545,-0.113838
14748,0.007996,-0.989135,-0.125191
14764,0.006165,-0.978514,-0.086614
14780,-0.005921,-0.992553,-0.101508
14795,-0.009583,-0.989868,-0.101874
14811,-0.010316,-1.00061,-0.118476
14827,-0.016175,-0.989868,-0.114204
14842,-0.021669,-0.991943,-0.110297
14858,-0.009339,-0.977538,-0.097113
14873,-0.020936,-0.977416,-0.098212
14889,-0.029604,-0.984374,-0.103095
14905,-0.022645,-0.983642,-0.096502
14920,-0.016297,-0.990478,-0.101019
14936,-0.010682,-0.991699,-0.099676
14951,-0.009827,-0.994018,-0.114814
14967,-0.002136,-0.994629,-0.115302
14983,0.002503,-0.983031,-0.104071
14998,-0.003601,-0.983031,-0.09516
15014,-0.0047,-0.987548,-0.100287
15030,-0.011292,-0.996948,-0.109687
15045,-0.018983,-1.001709,-0.097113
15061,-0.022035,-0.998535,-0.082097
15076,-0.020814,-0.993774,-0.091131
15092,-0.00824,-0.991088,-0.116401
15108,-0.00531,-0.986816,-0.124458
15123,-0.00531,-0.989868,-0.116279
15139,-0.007142,-0.990478,-0.106757
15155,-0.010071,-0.988769,-0.100287
15170,-0.009705,-0.991699,-0.093817
15186,-0.010926,-0.996094,-0.090521
15201,-0.013734,-1.000977,-0.104071
15217,-0.016419,-0.989135,-0.104804
15233,-0.012391,-0.974608,-0.098578
15248,-0.012391,-0.985717,-0.111762
15264,-0.007264,-0.995849,-0.114936
15280,0.000916,-0.988891,-0.099188
15295,-0.003235,-0.98181,-0.099921
15311,-0.007996,-0.977904,-0.108344
15326,-0.018495,-0.977049,-0.107856
15342,-0.031313,-0.982787,-0.098089
15358,-0.032534,-0.973509,-0.081975
15373,-0.033144,-0.995483,-0.089666
15389,-0.021303,-1.001831,-0.093817
15404,-0.005432,-1.007691,-0.091741
15420,-0.005677,-1.003662,-0.097967
15436,-0.011781,-0.986694,-0.091741
15451,-0.019105,-0.984252,-0.097723
15467,-0.027529,-0.982421,-0.10224
15483,-0.028139,-0.987182,-0.090765
15498,-0.021425,-0.999878,-0.094793
15514,-0.019471,-1.000244,-0.098334
15529,-0.020204,-0.985351,-0.088567
15545,-0.016786,-0.970701,-0.076482
15561,-0.013001,-0.977049,-0.093084
15576,-0.017274,-0.991455,-0.106269
15592,-0.023866,-0.992431,-0.102484
15608,-0.022523,-0.993408,-0.087469
15623,-0.022523,-0.985595,-0.082708
15639,-0.023134,-0.987914,-0.086004
15654,-0.008362,-0.99121,-0.095648
15670,-0.006287,-0.98706,-0.102484
15686,-0.010926,-0.986816,-0.089178
15701,-0.019471,-0.998047,-0.08576
15717,-0.023622,-1.006104,-0.089178
15733,-0.028017,-0.999756,-0.096991
15748,-0.023378,-0.985473,-0.091741
15764,-0.013612,-0.98181,-0.093817
15779,-0.007752,-0.989135,-0.099676
15795,-0.005921,-0.990722,-0.096502
15811,-0.005066,-0.98999,-0.092718
15826,-0.018861,-0.993774,-0.08991
15842,-0.023988,-0.994262,-0.089178
15857,-0.016297,-0.991332,-0.08576
15873,-0.014832,-0.988769,-0.093084
15889,-0.016297,-0.99292,-0.095648
15904,-0.015931,-0.991821,-0.099066
15920,-0.02057,-0.982177,-0.097479
15936,-0.023012,-0.978881,-0.089178
15951,-0.019593,-0.986816,-0.089178
15967,-0.021669,-0.990112,-0.091864
15982,-0.02289,-0.995361,-0.091619
15998,-0.025453,-0.998413,-0.095038
16014,-0.020692,-0.993652,-0.092352
16029,-0.015077,-0.988403,-0.088567
16045,-0.02057,-0.983275,-0.081487
16060,-0.026552,-0.9906,-0.079534
16076,-0.029116,-0.994629,-0.084539
16092,-0.020814,-1.000122,-0.101019
16107,-0.021547,-0.993286,-0.110419
16123,-0.028261,-0.983519,-0.100531
16139,-0.027895,-0.989868,-0.090887
16154,-0.019838,-0.996826,-0.082464
16170,-0.018129,-0.990966,-0.086614
16186,-0.024355,-0.984252,-0.086736
16201,-0.023622,-0.982055,-0.09516
16217,-0.01703,-0.987914,-0.08869
16232,-0.01764,-0.988036,-0.0893
16248,-0.014955,-0.997436,-0.097845
16264,-0.019838,-0.992431,-0.100653
16279,-0.025087,-0.985961,-0.098578
16295,-0.024843,-0.986327,-0.096136
16311,-0.022035,-0.983764,-0.102118
16326,-0.022401,-0.969847,-0.091986
16342,-0.027406,-0.976683,-0.082586
16357,-0.028261,-0.993652,-0.089544
16373,-0.022645,-1.000977,-0.097357
16389,-0.013612,-0.990356,-0.093084
16404,-0.012879,-0.988403,-0.086126
16420,-0.014466,-0.989623,-0.088445
16436,-0.022645,-1.003906,-0.095526
16451,-0.029238,-1.00293,-0.097723
16467,-0.026674,-0.999145,-0.088079
16482,-0.022767,-0.993652,-0.080266
16498,-0.016786,-0.989135,-0.08869
16514,-0.015077,-0.991577,-0.098212
16529,-0.0141,-0.979857,-0.088812
16545,-0.018006,-0.981444,-0.080388
16560,-0.029604,-0.985839,-0.081243
16576,-0.03229,-1.000366,-0.081487
16592,-0.058048,-1.019044,-0.091375
16607,-0.042178,-0.993774,-0.08637
16623,-0.035708,-0.980345,-0.086492
16639,-0.035097,-0.978636,-0.074773
16654,-0.033266,-0.974364,-0.067814
16670,-0.026064,-0.979247,-0.079045
16685,-0.011658,-0.989013,-0.093451
16701,-0.013001,-0.984496,-0.089666
16716,-0.024599,-0.987548,-0.0705
16732,-0.026186,-1.006348,-0.085271
16748,-0.006897,-1.026857,-0.071599
16764,0.002258,-1.000366,-0.079778
16779,-0.000427,-1.003174,-0.069279
16795,-0.010804,-1.019288,-0.073186
16810,-0.032167,-1.054935,-0.073918
16826,-0.025575,-1.077886,-0.051822
16842,0.000061,-1.060062,0.017884
16857,-0.051212,-1.034792,-0.011781
16873,-0.02936,-0.891473,-0.066105
16889,-0.043032,-0.853873,-0.086126
16904,-0.033388,-0.867668,-0.043277
16920,-0.064762,-0.928096,-0.041812
16935,-0.056705,-0.94592,-0.055851
16951,-0.048526,-0.961057,-0.062199
16967,-0.0423,-0.996704,-0.069401
16982,-0.022767,-1.072026,-0.070866
16998,-0.024599,-1.08753,-0.050601
17013,-0.038027,-1.073613,-0.036196
17029,-0.022401,-1.057132,-0.034487
17045,-0.026796,-1.03113,-0.038149
17060,-0.028139,-0.983642,-0.023012
17076,-0.023134,-0.946896,-0.029238
17092,0.004212,-0.897088,-0.037783
17107,0.028871,-0.890985,-0.062687
17123,0.043887,-0.908198,-0.075017
17138,0.050601,-0.961546,-0.077825
17154,0.030703,-1.01001,-0.065739
17170,-0.009949,-1.025392,-0.046939
17185,-0.028383,-1.040286,-0.041323
17201,-0.014466,-1.062382,-0.038516
17216,-0.0141,-1.066654,-0.034975
17232,-0.003723,-1.061161,-0.047793
17248,0.009461,-1.057377,-0.070134
17263,0.006043,-1.02588,-0.091986
17279,-0.01056,-0.991332,-0.102606
17295,-0.01117,-0.97412,-0.102728
17310,-0.002747,-0.962644,-0.111762
17326,-0.0141,-0.956418,-0.095038
17341,-0.016175,-0.957639,-0.087713
17357,-0.013612,-0.965452,-0.090887
17373,-0.026674,-0.962644,-0.079656
17388,-0.034121,-0.968504,-0.063419
17404,-0.02997,-0.977538,-0.058048
17420,-0.01996,-0.990234,-0.072697
17435,-0.025697,-0.988403,-0.07343
17451,-0.016297,-0.983886,-0.073918
17466,-0.015565,-0.983519,-0.077092
17482,-0.002869,-0.988158,-0.077336
17498,0.009583,-1.001953,-0.099188
17513,-0.005066,-0.99939,-0.09638
17529,-0.017274,-0.992675,-0.07697
17544,-0.007508,-0.975829,-0.074773
17560,-0.020692,-0.980468,-0.060245
17576,-0.013978,-1.008179,-0.043399
17591,-0.017152,-1.013917,-0.036684
17607,-0.014466,-0.997803,-0.039858
17623,-0.002747,-0.986571,-0.054752
17638,0.018373,-0.985595,-0.080877
17654,0.020936,-0.978758,-0.091864
17670,0.012513,-0.97241,-0.073796
17685,0.006653,-0.975218,-0.062931
17701,0.000671,-0.97412,-0.061466
17716,-0.002014,-0.976805,-0.07404
17732,0.001892,-0.982909,-0.080144
17748,0.007508,-0.9812,-0.070134
17763,0.009583,-1.005127,-0.06464
17779,0.003235,-1.011597,-0.052066
17795,-0.001526,-1.014283,-0.055484
17810,0.007996,-1.01526,-0.068669
17826,0.005066,-1.012452,-0.086614
17841,-0.005066,-1.008423,-0.102606
17857,-0.005677,-1.011231,-0.10871
17872,-0.002869,-1.012452,-0.101386
17888,-0.003968,-1.001343,-0.087835
17904,-0.010316,-0.986449,-0.083074
17919,-0.009949,-0.969114,-0.08637
17935,-0.002991,-0.960569,-0.091619
17951,-0.002258,-0.95361,-0.093695
17966,-0.003968,-0.949704,-0.094549
17982,-0.000916,-0.958005,-0.087713
17998,-0.00531,-0.960081,-0.08344
18013,-0.007386,-0.973875,-0.076604
18029,-0.003723,-0.995117,-0.07111
18044,0.006653,-1.008179,-0.069035
18060,0.010438,-1.00879,-0.065739
18076,0.01764,-1.009522,-0.061588
18091,0.015443,-1.004029,-0.057071
18107,0.013856,-1.004395,-0.054874
18123,0.021181,-1.004883,-0.058536
18138,0.030336,-1.004883,-0.064762
18154,0.03351,-1.012452,-0.076726
18169,0.023134,-1.014894,-0.083806
18185,0.02289,-1.007081,-0.091497
18200,0.02411,-1.004151,-0.097845
18216,0.024599,-0.995117,-0.093573
18232,0.027284,-0.988525,-0.082586
18247,0.015931,-0.97827,-0.078069
18263,0.007264,-0.972777,-0.076726
18279,0.012513,-0.979613,-0.077947
18294,0.004578,-0.979247,-0.073796
18310,0.00238,-0.981566,-0.076482
18326,0.003845,-0.988891,-0.073064
18341,0.006287,-0.993286,-0.076848
18357,0.007752,-0.990966,-0.08576
18372,0.009827,-0.987792,-0.091009
18388,0.014955,-0.981444,-0.104071
18404,0.017152,-0.986205,-0.108954
18419,0.019471,-0.993896,-0.10456
18435,0.014588,-0.996216,-0.094061
18451,0.012025,-0.995239,-0.083318
18466,0.018617,-0.996582,-0.072697
18482,0.026552,-0.995727,-0.065739
18497,0.022279,-0.99353,-0.069767
18513,0.024843,-0.988891,-0.081243
18529,0.026552,-0.987792,-0.097967
18544,0.030947,-0.993286,-0.099921
18560,0.016175,-0.993896,-0.094061
18576,0.018251,-0.995971,-0.091986
18591,0.022768,-0.998047,-0.088567
18607,0.02704,-0.997192,-0.086126
18622,0.023988,-0.987914,-0.089422
18638,0.026796,-0.989135,-0.092108
18654,0.027895,-0.986083,-0.090765
18669,0.030581,-0.985717,-0.088567
18685,0.02643,-0.985229,-0.083806
18700,0.023622,-0.982787,-0.072331
18716,0.029238,-0.990356,-0.073064
18732,0.022401,-0.99414,-0.077458
18747,0.019716,-0.994629,-0.08576
18763,0.025941,-0.988281,-0.094549
18779,0.033266,-0.991699,-0.095526
18794,0.03876,-0.993286,-0.092962
18810,0.03937,-0.998779,-0.092596
18825,0.038271,-0.999268,-0.08869
18841,0.031923,-1.005005,-0.080388
18857,0.02704,-1.006836,-0.079167
18872,0.034731,-1.008179,-0.082341
18888,0.045352,-1.010132,-0.083318
18904,0.036562,-1.011109,-0.074651
18919,0.029116,-1.000244,-0.072453
18935,0.027773,-0.995117,-0.078679
18950,0.037417,-0.98767,-0.093939
18966,0.03937,-0.988647,-0.100165
18982,0.031923,-0.992065,-0.096869
18997,0.016419,-0.989257,-0.0893
19013,0.013612,-0.979247,-0.090765
19028,0.015565,-0.967527,-0.09284
19044,0.021791,-0.967039,-0.095282
19060,0.01996,-0.966551,-0.092108
19075,0.017274,-0.970579,-0.097601
19091,0.020936,-0.979857,-0.09931
19107,0.021547,-0.980223,-0.097601
19122,0.018006,-0.982055,-0.091131
19138,0.01764,-0.979125,-0.091253
19154,0.031313,-0.977049,-0.086126
19169,0.037417,-0.987182,-0.075505
19185,0.036318,-0.99939,-0.067692
19200,0.033266,-1.012452,-0.064396
19216,0.039614,-1.023439,-0.068547
19232,0.040957,-1.020143,-0.071843
19247,0.032412,-1.011842,-0.079167
19263,0.04169,-1.008179,-0.089422
19279,0.04877,-1.001831,-0.093573
19294,0.044864,-0.9906,-0.096258
19310,0.037539,-0.984862,-0.097479
19325,0.032778,-0.98181,-0.099066
19341,0.028261,-0.985229,-0.10163
19356,0.02936,-0.987304,-0.100653
19372,0.028383,-0.996948,-0.091009
19388,0.022279,-0.993652,-0.080999
19403,0.025331,-0.993286,-0.081243
19419,0.025087,-0.992797,-0.085515
19435,0.020448,-0.981933,-0.090887
19450,0.023744,-0.979735,-0.102118
19466,0.026674,-0.977782,-0.109199
19482,0.024232,-0.974974,-0.107367
19497,0.032045,-0.978636,-0.099554
19513,0.032412,-0.985473,-0.091375
19528,0.034121,-0.994873,-0.082464
19544,0.025453,-0.999145,-0.071965
19560,0.02289,-0.994629,-0.071477
19575,0.030336,-0.989379,-0.077947
19591,0.035342,-0.983642,-0.093206
19607,0.038882,-0.976195,-0.096502
19622,0.041079,-0.978148,-0.098822
19638,0.041445,-0.980345,-0.098822
19653,0.036806,-0.988525,-0.097357
19669,0.034853,-0.997803,-0.094549
19685,0.032167,-1.001953,-0.093328
19700,0.038393,-1.001099,-0.091986
19716,0.042178,-1.002442,-0.087835
19732,0.043521,-1.001709,-0.080022
19747,0.041323,-0.996216,-0.082097
19763,0.040225,-0.996826,-0.086736
19778,0.04584,-0.994262,-0.093695
19794,0.043643,-0.99121,-0.096869
