25,-0.003113,0.104682,-0.989257
40,-0.003968,0.112128,-0.9906
56,-0.00238,0.111762,-0.995361
72,-0.003601,0.113837,-1.000732
87,-0.005188,0.12043,-1.000122
103,-0.006043,0.127266,-0.998047
119,-0.004944,0.124702,-0.993652
134,-0.004212,0.123848,-0.992797
150,-0.002258,0.126412,-0.995239
165,-0.000427,0.127388,-0.997314
181,-0.000427,0.132027,-0.998657
196,0.00116,0.137765,-0.995727
212,-0.000916,0.133004,-0.995239
228,0.001648,0.138741,-0.993286
244,0.003235,0.140328,-0.99292
259,0.004822,0.133858,-0.99292
275,0.006775,0.126534,-0.996582
290,0.008606,0.118843,-0.995483
306,0.010438,0.115669,-0.994506
322,0.009949,0.112373,-0.994873
337,0.006409,0.109809,-0.994262
353,0.007508,0.114204,-0.989623
368,0.010193,0.114814,-0.986938
384,0.011903,0.126045,-0.982055
400,0.01349,0.130196,-0.984618
415,0.017274,0.126045,-0.984862
431,0.009339,0.131661,-0.983642
447,0.004456,0.134713,-1.000488
462,0.002991,0.142892,-0.9906
478,0.011414,0.135689,-1.00061
493,0.018495,0.129219,-0.993652
509,0.009461,0.118477,-1.002564
525,0.000183,0.111518,-1.004517
540,0.002014,0.103705,-0.996582
556,-0.012635,0.087591,-0.982055
572,0.004944,0.093451,-0.981933
587,0.019716,0.103705,-0.984618
603,0.027284,0.106147,-0.996704
618,0.01996,0.100287,-0.988281
634,0.020814,0.106513,-0.982177
650,0.021913,0.106391,-0.98413
665,0.02289,0.107123,-0.973021
681,0.016786,0.099066,-0.972777
696,0.023866,0.106269,-0.97827
712,0.023988,0.114448,-0.98706
728,0.020936,0.115669,-0.999756
743,0.013856,0.112861,-1.008179
759,0.00177,0.112983,-1.000122
775,0.002991,0.11396,-1.005494
790,0.002258,0.105414,-1.000732
806,0.007264,0.106391,-1.004761
821,0.018617,0.099676,-0.992797
837,0.01764,0.099432,-0.988158
853,0.014955,0.112373,-0.98706
868,0.023744,0.118354,-0.993286
884,0.023378,0.118232,-0.994873
900,0.011903,0.118354,-0.995361
915,0.012757,0.109076,-0.993652
931,0.017884,0.114448,-0.990722
946,0.013123,0.095038,-0.991821
962,0.011536,0.10456,-0.998413
977,0.006287,0.109931,-1.003174
993,0.007264,0.116401,-0.995971
1009,0.002136,0.097235,-0.993164
1024,-0.005799,0.096136,-0.984496
1040,0.001892,0.109199,-0.978636
1056,0.022523,0.119697,-0.99353
1071,0.026918,0.126534,-0.997436
1087,0.014588,0.134102,-0.987914
1103,0.023378,0.134469,-0.98999
1118,0.030703,0.123726,-0.988891
1134,0.034609,0.116157,-0.98413
1149,0.028993,0.116157,-0.985473
1165,0.024965,0.111762,-0.985351
1181,0.024354,0.109687,-0.988158
1196,0.020326,0.1081,-0.986327
1212,0.029238,0.104193,-0.987792
1228,0.030336,0.113593,-0.987792
1243,0.031069,0.123237,-0.9812
1259,0.040469,0.126778,-0.979613
1275,0.045596,0.133126,-0.987304
1290,0.044253,0.130684,-0.991332
1306,0.04291,0.135934,-1.006348
1321,0.034609,0.13923,-1.012818
1337,0.017274,0.14631,-1.001343
1352,0.010804,0.141915,-0.994629
1368,0.009461,0.12336,-0.994995
1384,0.025453,0.116401,-0.993408
1399,0.037295,0.113715,-0.988525
1415,0.041567,0.115425,-0.979613
1431,0.043032,0.123726,-0.989501
1446,0.031557,0.125923,-0.988036
1462,0.024965,0.124947,-0.991088
1478,0.043399,0.119453,-1.001465
1493,0.049136,0.117012,-0.998047
1509,0.036684,0.117744,-0.98999
1524,0.0329,0.130196,-0.992797
1540,0.032778,0.136544,-0.990234
1556,0.034853,0.129708,-0.988403
1571,0.035097,0.131905,-0.98706
1587,0.034853,0.126289,-0.986205
1603,0.038149,0.129341,-0.986205
1618,0.036929,0.12397,-0.983031
1634,0.035586,0.125801,-0.988281
1649,0.034365,0.133858,-0.991577
1665,0.028261,0.122505,-1.001221
1680,0.014466,0.112739,-0.999634
1696,0.024843,0.125313,-0.999145
1712,0.034731,0.115669,-1.003296
1727,0.038271,0.116767,-0.999268
1743,0.038516,0.114326,-0.995971
1759,0.033022,0.124825,-0.989868
1774,0.038882,0.13337,-0.993042
1790,0.047427,0.130196,-0.994506
1806,0.04523,0.125679,-0.981078
1821,0.044497,0.106879,-0.973875
1837,0.041934,0.103949,-0.965574
1852,0.047305,0.112495,-0.978636
1868,0.052677,0.120186,-0.990234
1884,0.044009,0.12751,-0.987304
1899,0.042788,0.123848,-0.983886
1915,0.037783,0.118721,-0.990844
1931,0.03644,0.119941,-0.990234
1946,0.030458,0.107245,-0.995849
1962,0.029848,0.108954,-0.996094
1977,0.030703,0.117012,-1.000732
1993,0.03583,0.106513,-0.993286
2008,0.032412,0.105658,-1.000244
2024,0.030703,0.102484,-0.995849
2040,0.033388,0.113105,-0.995849
2056,0.037539,0.117134,-0.998535
2071,0.038638,0.10578,-0.997558
2087,0.043521,0.11457,-0.995117
2102,0.04291,0.106391,-0.998901
2118,0.040103,0.122261,-0.9906
2134,0.05109,0.123848,-1.002686
2149,0.043154,0.109687,-0.989623
2165,0.037539,0.114692,-0.994506
2180,0.046573,0.105292,-0.99292
2196,0.047549,0.112983,-0.994873
2212,0.048038,0.105414,-0.988158
2227,0.047793,0.0987,-0.989013
2243,0.044253,0.090154,-0.986816
2258,0.046206,0.092352,-0.990356
2274,0.04523,0.083074,-0.993896
2290,0.033632,0.072941,-0.991699
2305,0.029116,0.08283,-0.9906
2321,0.041445,0.103461,-0.990234
2336,0.043521,0.107978,-0.989379
2352,0.044131,0.103583,-0.990722
2368,0.043765,0.093939,-0.992553
2384,0.047305,0.088689,-0.992797
2399,0.050235,0.088812,-0.990722
2415,0.055484,0.098822,-0.993164
2430,0.04938,0.106757,-0.989257
2446,0.040469,0.094305,-0.984862
2462,0.035952,0.08698,-0.991943
2477,0.040713,0.087591,-0.993652
2493,0.04877,0.080754,-0.999268
2508,0.046817,0.081609,-1.001221
2524,0.047671,0.093206,-0.991943
2540,0.051578,0.082219,-0.991577
2555,0.044619,0.082464,-0.999512
2571,0.034365,0.075261,-0.995971
2587,0.033632,0.069523,-0.993774
2602,0.038882,0.073796,-0.992309
2618,0.038638,0.079656,-0.988036
2633,0.037417,0.092596,-0.995239
2649,0.030703,0.093939,-0.996582
2665,0.025941,0.083562,-0.98999
2680,0.02057,0.080999,-0.992797
2696,0.027773,0.086126,-0.994873
2712,0.0423,0.080144,-0.991088
2727,0.049625,0.080022,-0.995117
2743,0.048282,0.079778,-1.000122
2758,0.053531,0.078069,-0.995483
2774,0.047061,0.068303,-0.996582
2790,0.046695,0.05109,-0.993042
2805,0.043643,0.053165,-0.980468
2821,0.056461,0.066838,-0.983397
2836,0.058292,0.087713,-0.985229
2852,0.049258,0.083562,-0.992431
2868,0.048648,0.096014,-1.00061
2883,0.04169,0.088079,-0.997558
2899,0.032656,0.085027,-0.999634
2915,0.030703,0.082097,-1.008545
2930,0.03583,0.082341,-1.01587
2946,0.036562,0.078069,-1.020997
2962,0.030458,0.066838,-1.002319
2977,0.028261,0.049747,-0.995117
2993,0.034487,0.039126,-0.985717
3008,0.044253,0.045596,-0.983519
3024,0.04291,0.048648,-0.989868
3040,0.046084,0.067814,-0.985717
3055,0.043765,0.049502,-0.989501
3071,0.036562,0.059513,-0.978758
3087,0.036929,0.057804,-0.986205
3102,0.049258,0.065495,-0.981444
3118,0.051456,0.060001,-0.990966
3133,0.044497,0.066349,-0.99646
3149,0.036074,0.065373,-1.003418
3164,0.043887,0.065128,-1.005982
3180,0.042544,0.060734,-1.007203
3196,0.043887,0.06171,-1.003418
3211,0.040103,0.048892,-1.000977
3227,0.032167,0.054874,-1.00061
3243,0.033266,0.058048,-0.994506
3258,0.04291,0.069279,-0.990234
3274,0.045474,0.069523,-0.990112
3290,0.045474,0.062565,-0.989257
3305,0.044986,0.075261,-0.99353
3321,0.041323,0.079045,-0.99707
3336,0.033022,0.077092,-1.006226
3352,0.026064,0.05878,-0.996704
3368,0.028017,0.046084,-0.989623
3383,0.041323,0.047916,-0.998047
3399,0.045962,0.061588,-0.998901
3415,0.045596,0.065739,-1.007325
3430,0.038393,0.061954,-1.008912
3446,0.029482,0.055973,-0.996582
3461,0.037539,0.065006,-0.983886
3477,0.049869,0.065617,-0.974974
3492,0.053531,0.068303,-0.97827
3508,0.049747,0.078191,-0.986571
3524,0.056339,0.09223,-0.999878
3540,0.042056,0.088323,-1.005738
3555,0.026064,0.073674,-1.011597
3571,0.019105,0.072941,-1.012696
3586,0.021303,0.073918,-1.01001
3602,0.029482,0.074528,-1.005738
3618,0.026918,0.06818,-1.007813
3633,0.026064,0.081609,-0.994629
3649,0.03937,0.079412,-0.993896
3664,0.044619,0.074284,-0.986327
3680,0.04291,0.065861,-0.983886
3696,0.042056,0.070622,-0.98999
3711,0.03937,0.062931,-0.985229
3727,0.039126,0.06757,-0.989868
3743,0.039492,0.059025,-0.98706
3758,0.038638,0.055362,-0.995605
3774,0.035464,0.06049,-0.997803
3789,0.03644,0.052921,-0.995117
3805,0.036074,0.066715,-1.001831
3820,0.029116,0.061832,-0.995727
3836,0.031923,0.085393,-0.990234
3852,0.036196,0.07697,-0.988158
3868,0.03351,0.073308,-0.990478
3883,0.031923,0.072819,-0.990112
3899,0.037783,0.069523,-0.99353
3914,0.032534,0.08637,-0.990478
3930,0.031313,0.071232,-1.002197
3946,0.028383,0.066349,-0.993896
3961,0.025087,0.05817,-1.001221
3977,0.034853,0.06757,-1.002442
3992,0.043032,0.077214,-1.000854
4008,0.043154,0.078191,-1.004883
4024,0.026674,0.080022,-0.98706
4039,0.037173,0.094793,-0.996094
4055,0.043399,0.105414,-0.994262
4071,0.041079,0.093695,-0.994384
4086,0.033022,0.086858,-0.998169
4102,0.035952,0.094183,-0.999878
4117,0.03229,0.091497,-0.995971
4133,0.028993,0.086004,-0.997436
4149,0.025575,0.083928,-0.99353
4164,0.020936,0.077214,-0.987182
4180,0.022279,0.074162,-0.988281
4196,0.031069,0.086492,-0.986327
4211,0.043521,0.088689,-0.988036
4227,0.038882,0.085149,-0.986449
4242,0.035952,0.09223,-0.982543
4258,0.040103,0.087103,-0.997803
4274,0.037295,0.099432,-0.981078
4289,0.047671,0.103705,-0.995117
4305,0.043765,0.112495,-0.999634
4320,0.043277,0.119941,-1.001831
4336,0.036196,0.117988,-0.997558
4352,0.03644,0.106391,-0.996948
4367,0.037417,0.110419,-0.997314
4383,0.039492,0.107123,-1.00354
4399,0.031801,0.119453,-0.992675
4414,0.030825,0.114082,-0.983886
4430,0.034853,0.110419,-0.997314
4446,0.03351,0.113105,-0.98767
4461,0.033877,0.120796,-0.985961
4477,0.031069,0.136422,-0.985473
4492,0.029116,0.127999,-0.990722
4508,0.029726,0.130684,-0.987304
4524,0.038638,0.118843,-0.987548
4539,0.035952,0.114204,-0.989745
4555,0.038271,0.124092,-0.980712
4570,0.037905,0.117378,-0.985839
4586,0.035952,0.131783,-0.986694
4602,0.03876,0.137032,-0.994384
4617,0.04584,0.127266,-1.000122
4633,0.049747,0.122017,-1.00293
4648,0.044742,0.132271,-0.99292
4664,0.047305,0.143014,-0.992553
4680,0.035464,0.134957,-0.987548
4695,0.031679,0.128609,-0.982787
4711,0.03998,0.116523,-0.989013
4727,0.038638,0.112373,-0.987182
4742,0.039004,0.107001,-0.995727
4758,0.03998,0.110908,-0.99939
4774,0.031191,0.115913,-0.992187
4789,0.027162,0.12336,-1.000854
4805,0.02997,0.119941,-1.000244
4820,0.035708,0.11396,-0.996704
4836,0.035219,0.116157,-0.999145
4852,0.032656,0.125435,-0.993652
4867,0.037295,0.131417,-0.996704
4883,0.040591,0.135201,-0.989379
4898,0.043765,0.127266,-0.991577
4914,0.045352,0.121895,-0.986327
4930,0.039858,0.109931,-0.978026
4945,0.045352,0.107245,-0.979979
4961,0.049502,0.104682,-0.982421
4976,0.050113,0.115058,-0.986571
4992,0.047427,0.118232,-0.991455
5008,0.039492,0.119941,-0.997192
5023,0.029726,0.116889,-0.994506
5039,0.02704,0.112495,-0.992431
5055,0.029238,0.104682,-0.989013
5070,0.034731,0.115669,-0.991455
5086,0.03876,0.121895,-0.993652
5102,0.036562,0.121406,-0.991943
5117,0.033632,0.114082,-0.991088
5133,0.039004,0.118354,-0.989868
5148,0.038271,0.107367,-0.986449
5164,0.038027,0.112495,-0.987914
5180,0.047305,0.112617,-0.99292
5195,0.043154,0.114448,-0.991455
5211,0.037539,0.122627,-0.99353
5227,0.039004,0.125435,-0.992797
5242,0.035708,0.126167,-0.994873
5258,0.033999,0.118721,-0.991332
5273,0.036806,0.122139,-0.994995
5289,0.038638,0.123115,-0.99121
5304,0.039126,0.128121,-0.996338
5320,0.035586,0.132515,-1.000732
5336,0.032534,0.119819,-0.99353
5352,0.028505,0.113837,-0.988525
5367,0.026918,0.112739,-0.985107
5383,0.031801,0.116157,-0.98767
5398,0.031923,0.109443,-0.983519
5414,0.035464,0.111152,-0.989745
5430,0.040347,0.120552,-0.990356
5445,0.03229,0.125679,-1.002075
5461,0.026064,0.121773,-0.991455
5476,0.039248,0.128243,-0.9906
5492,0.045474,0.12751,-0.990356
5508,0.049136,0.13691,-0.992797
5523,0.047305,0.119575,-0.9906
5539,0.037173,0.120552,-0.988891
5555,0.033632,0.127144,-0.991821
5570,0.033388,0.126656,-0.98767
5586,0.033999,0.125923,-0.989868
5601,0.034731,0.12043,-0.989745
5617,0.036684,0.118232,-0.982909
5633,0.040103,0.115913,-0.987426
5648,0.042422,0.123604,-0.994629
5664,0.034609,0.122383,-0.989501
5680,0.03229,0.125801,-0.986083
5695,0.034121,0.125069,-0.990234
5711,0.040103,0.125313,-0.988403
5726,0.042544,0.129219,-0.994018
5742,0.040713,0.124947,-0.987304
5758,0.035219,0.1269,-0.988647
5773,0.040469,0.131661,-0.985473
5789,0.032656,0.123604,-0.989257
5804,0.032045,0.127022,-0.989257
5820,0.034365,0.126167,-0.995239
5836,0.031679,0.12165,-0.98474
5851,0.02704,0.122627,-0.99121
5867,0.035708,0.123482,-0.99707
5883,0.031313,0.121895,-0.995849
5898,0.033388,0.132149,-0.993164
5914,0.0329,0.133004,-0.995727
5930,0.033388,0.130196,-0.990844
5945,0.040469,0.13105,-0.996826
5961,0.048892,0.128243,-0.996704
5976,0.042178,0.124458,-0.995117
5992,0.030336,0.112983,-0.984984
6008,0.028505,0.114204,-0.981322
6023,0.024599,0.113837,-0.979857
6039,0.031923,0.123848,-0.979369
6055,0.030947,0.127144,-0.978026
6070,0.045718,0.14216,-0.980956
6086,0.049747,0.136178,-0.986938
6101,0.050723,0.133492,-0.993164
6117,0.044986,0.126412,-1.002197
6132,0.047916,0.131783,-1.006592
6148,0.037539,0.125435,-1.001587
6164,0.028261,0.132515,-0.994751
6179,0.030458,0.142892,-0.991821
6195,0.041201,0.144479,-0.996216
6211,0.034731,0.135812,-0.991088
6226,0.028627,0.132882,-0.991699
6242,0.021303,0.133126,-0.988036
6258,0.01996,0.128975,-0.990112
6273,0.019716,0.127632,-0.987548
6289,0.023012,0.117988,-0.984374
6304,0.022523,0.104315,-0.991577
6320,0.022523,0.108222,-0.98474
6336,0.028749,0.110786,-0.98059
6351,0.038638,0.120796,-0.98706
6367,0.043765,0.12336,-0.985473
6383,0.046329,0.126656,-0.991455
6398,0.044497,0.134591,-0.989623
6414,0.044864,0.134225,-0.987426
6429,0.051334,0.147043,-0.990234
6445,0.052554,0.151804,-0.995483
6460,0.051456,0.154856,-1.003296
6476,0.042666,0.157053,-1.007813
6492,0.030092,0.149362,-1.017579
6508,0.042788,0.129708,-1.009522
6523,0.048526,0.099432,-1.004273
6539,0.040469,0.093817,-0.995239
6554,0.03583,0.087103,-0.982177
6570,0.031435,0.096991,-0.970335
6586,0.029604,0.109199,-0.956174
6601,0.030581,0.124336,-0.962156
6617,0.028993,0.142282,-0.966307
6632,0.013978,0.143258,-0.968016
6648,0.012513,0.134713,-0.985473
6664,0.010682,0.132515,-0.990356
6679,0.003479,0.112739,-1.002442
6695,0.003968,0.098334,-1.015382
6711,-0.001404,0.104804,-1.022462
6726,-0.006531,0.100165,-1.027101
6742,-0.001282,0.107245,-1.015138
6757,0.003357,0.112861,-1.002808
6773,0.01471,0.125679,-0.997558
6789,0.026674,0.141671,-0.993896
6804,0.033266,0.141427,-0.984618
6820,0.035219,0.134591,-0.97473
6836,0.049502,0.129097,-0.977294
6851,0.058536,0.125435,-0.974242
6867,0.053897,0.111396,-0.975584
6882,0.0611,0.12165,-0.976195
6898,0.063786,0.131295,-0.988647
6914,0.050357,0.124947,-0.989868
6929,0.039492,0.116035,-0.987914
6945,0.03937,0.110908,-0.989868
6960,0.038882,0.115058,-0.998291
6976,0.039492,0.121528,-1.006836
6992,0.024477,0.129097,-1.00647
7007,0.010071,0.127144,-1.006958
7023,0.004944,0.127266,-1.002197
7039,0.002136,0.117622,-0.995483
7054,0.006287,0.107856,-0.992797
7070,0.019105,0.098089,-0.983397
7085,0.025697,0.098822,-0.981078
7101,0.029726,0.109931,-0.985351
7117,0.038149,0.121895,-0.991577
7132,0.040713,0.121895,-0.985473
7148,0.031923,0.117378,-0.977904
7164,0.035097,0.120308,-0.981688
7179,0.040225,0.121406,-0.985107
7195,0.047793,0.121528,-0.991699
7210,0.050723,0.117256,-0.988647
7226,0.047183,0.107978,-0.986938
7241,0.03876,0.096014,-0.981322
7257,0.044131,0.095648,-0.974852
7273,0.047427,0.092962,-0.973509
7288,0.041445,0.107734,-0.981688
7304,0.037417,0.118232,-0.988647
7320,0.036318,0.127632,-0.993774
7335,0.031191,0.126778,-0.994629
7351,0.022768,0.131295,-1.002075
7367,0.020204,0.133736,-1.003052
7382,0.017762,0.138131,-1.003662
7398,0.019349,0.127876,-1.008057
7414,0.018861,0.114936,-0.997925
7429,0.021181,0.095038,-0.98999
7445,0.02997,0.107001,-0.973753
7460,0.040103,0.107489,-0.976073
7476,0.050113,0.116889,-0.967649
7492,0.049014,0.116279,-0.963499
7507,0.044375,0.123115,-0.971068
7523,0.036318,0.13276,-0.983642
7539,0.030703,0.129952,-0.9906
7554,0.030703,0.134347,-0.995117
7570,0.023622,0.128487,-0.996582
7585,0.022279,0.127022,-1.002442
7601,0.018739,0.116401,-1.003784
7616,0.009217,0.11164,-1.000122
7632,0.012879,0.124947,-0.999878
7648,0.017152,0.129586,-1.002442
7664,0.026186,0.141915,-0.989257
7679,0.029482,0.13337,-0.9906
7695,0.033877,0.137398,-0.987792
7710,0.032412,0.132638,-0.988281
7726,0.02997,0.13398,-0.993286
7742,0.025453,0.130928,-0.998657
7757,0.018251,0.131173,-0.99707
7773,0.017152,0.126289,-0.989745
7788,0.024965,0.128609,-0.99646
7804,0.024232,0.135201,-0.997436
7820,0.014344,0.127388,-0.999512
7835,0.005432,0.123604,-0.995971
7851,0.013856,0.128609,-0.991943
7867,0.017274,0.136788,-0.99939
7882,0.01764,0.13984,-0.999512
7898,0.022645,0.136544,-1.003296
7913,0.02411,0.130562,-0.991699
7929,0.019716,0.114814,-0.988036
7944,0.023256,0.114814,-0.986816
7960,0.029726,0.10871,-0.991455
7976,0.028017,0.117134,-0.992065
7992,0.028749,0.118232,-0.994995
8007,0.018006,0.123726,-0.994018
8023,0.019593,0.124947,-0.994262
8038,0.023866,0.130196,-0.995849
8054,0.019471,0.133858,-0.995849
8070,0.009339,0.123482,-0.990478
8085,0.009095,0.116645,-0.979369
8101,0.018861,0.112006,-0.986327
8116,0.01703,0.107734,-0.993896
8132,0.015321,0.113837,-0.993042
8148,0.014344,0.105658,-0.992431
8163,0.017274,0.11225,-0.989745
8179,0.034487,0.119941,-0.993164
8195,0.035586,0.127876,-0.99646
8210,0.026064,0.130074,-0.999878
8226,0.027406,0.127022,-1
8241,0.022401,0.109931,-0.990478
8257,0.022157,0.097357,-0.985839
8272,0.031801,0.097479,-0.986938
8288,0.028017,0.097479,-0.983031
8304,0.02936,0.106879,-0.981566
8320,0.030947,0.11103,-0.97827
8335,0.031435,0.118599,-0.978392
8351,0.038393,0.118354,-0.979125
8366,0.02057,0.112006,-0.978758
8382,0.011903,0.117622,-0.977049
8398,0.013245,0.116035,-0.992675
8413,0.001526,0.111274,-0.992309
8429,0.00763,0.122505,-0.994873
8444,0.022035,0.124947,-0.991943
8460,0.025209,0.108954,-0.988036
8476,0.027162,0.100897,-0.989013
8491,0.023866,0.101386,-0.993408
8507,0.026064,0.115547,-0.998657
8523,0.024477,0.112128,-0.991699
8538,0.029726,0.103583,-0.991332
8554,0.037661,0.106635,-0.989135
8570,0.034121,0.103339,-0.992797
8585,0.033144,0.109321,-0.984984
8600,0.030947,0.109565,-1.004761
8616,0.017518,0.114204,-1.006714
8632,0.010682,0.104315,-1.00586
8648,0.010926,0.094549,-0.998047
8663,0.021913,0.0987,-0.990844
8679,0.023256,0.102606,-0.984496
8694,0.021669,0.111762,-0.979857
8710,0.021181,0.107123,-0.985351
8726,0.022645,0.113227,-0.984252
8741,0.024721,0.101141,-0.985229
8757,0.035097,0.110908,-0.993042
8772,0.037539,0.114204,-0.995727
8788,0.030092,0.125801,-1.002075
8804,0.022157,0.136666,-0.992187
8819,0.019593,0.133858,-1.001953
8835,0.01703,0.135934,-0.986694
8851,0.014466,0.13044,-1.001709
8866,0.01764,0.122505,-0.996582
8882,0.020448,0.109321,-0.998169
8898,0.015199,0.119697,-0.996826
8913,0.023988,0.126167,-0.989868
8929,0.019838,0.127754,-0.991332
8944,0.018129,0.128365,-0.986694
8960,0.013368,0.107489,-0.990112
8976,0.009461,0.102851,-0.983886
8991,0.009461,0.102118,-0.995971
9007,0.017762,0.113227,-0.991332
9023,0.015809,0.114814,-0.995971
9038,0.010071,0.117988,-0.991821
9054,0.01764,0.120308,-0.994751
9069,0.02057,0.121406,-0.989379
9085,0.025941,0.123115,-0.99414
9100,0.03229,0.134225,-0.995361
9116,0.039492,0.136666,-0.993408
9132,0.040591,0.142648,-1.005616
9148,0.028871,0.130196,-1.00879
9163,0.007264,0.113105,-1.007569
9179,0.005921,0.113471,-1.003052
9194,0.009827,0.094671,-0.991699
9210,0.005799,0.097601,-0.976683
9226,0.015687,0.10456,-0.978026
9252,0.021303,0.122017,-0.973753
9268,0.027162,0.117134,-0.97241
9284,0.027895,0.117012,-0.973021
9300,0.006409,0.11396,-0.965696
9315,0.007874,0.116157,-0.98767
9331,-0.002991,0.121773,-0.991943
9346,-0.006897,0.119209,-0.997436
9362,0.01703,0.129463,-0.998535
9378,0.044864,0.137643,-1.015138
9393,0.045474,0.146798,-1.004761
9409,0.043277,0.126412,-1.004395
9424,0.048282,0.134347,-0.995239
9440,0.046206,0.128975,-0.993652
9456,0.044253,0.132515,-0.982665
9471,0.036684,0.119575,-0.983642
9487,0.024721,0.130928,-0.973143
9503,0.027284,0.113227,-0.989868
9518,0.018129,0.113227,-0.988647
9534,0.010071,0.120918,-0.989257
9549,0.003845,0.11518,-0.989013
9565,-0.007264,0.116523,-0.98059
9580,-0.012391,0.094671,-0.989868
9596,-0.012879,0.105292,-0.985229
9612,-0.00238,0.093573,-0.995117
9628,-0.001038,0.1363,-0.997314
9643,0.019105,0.1363,-1.008423
9659,0.026186,0.130196,-1.011719
9674,0.030581,0.117134,-1.007935
9690,0.036074,0.114814,-1.010377
9706,0.043032,0.125679,-0.992675
9721,0.037051,0.12397,-0.997314
9737,0.030581,0.152536,-0.992675
9752,0.045474,0.161082,-0.986938
9768,0.029848,0.130196,-0.979003
9784,0.02411,0.107978,-0.971312
9799,0.018251,0.095404,-0.961057
9815,0.014222,0.094305,-0.958494
9831,0.016419,0.093695,-0.975829
9846,0.000183,0.099554,-0.99353
9862,-0.00409,0.086858,-0.997681
9878,-0.008973,0.070134,-0.993042
9893,0.003723,0.096258,-0.99939
9909,0.029238,0.115669,-1.002442
9924,0.031557,0.129463,-0.991821
9940,0.027773,0.125801,-0.986816
9956,0.033754,0.119087,-0.982055
9971,0.02704,0.122627,-1.005371
9987,0.0141,0.132271,-1.016236
10003,0.01703,0.135079,-1.010499
10018,0.02057,0.135812,-1.000366
10034,0.02997,0.134591,-0.995361
10049,0.033632,0.126045,-0.993774
10065,0.031923,0.132271,-1.000366
10080,0.027773,0.117256,-0.99707
10096,0.034731,0.106757,-0.990356
10112,0.038149,0.096136,-0.985717
10127,0.043887,0.110541,-0.981566
10143,0.030581,0.10224,-0.994262
10159,0.043154,0.121895,-0.998657
10174,0.050845,0.130928,-1.001587
10190,0.047671,0.125435,-0.993286
10206,0.037173,0.112739,-0.98767
10221,0.017396,0.104804,-0.998779
10237,0.017396,0.12043,-0.996338
10252,0.022279,0.124214,-0.998169
10268,0.025453,0.114692,-1.014161
10284,0.033754,0.106757,-1.018067
10299,0.055484,0.114936,-1.057865
10315,0.059879,0.121406,-1.093267
10331,0.052799,0.096258,-1.12281
10346,0.011781,0.015687,-1.140145
10362,0.019716,0.153757,-1.149667
10377,0.055851,0.258622,-1.092413
10393,0.085271,0.36019,-1.033327
10408,0.103217,0.478728,-0.976805
10424,0.150583,0.484221,-0.953244
10440,0.217726,0.219679,-1.121101
10456,0.086614,0.294391,-0.953855
10471,0.062443,0.410242,-0.826283
10487,0.127632,0.416346,-0.846426
10502,0.0799,0.565403,-0.76378
10518,0.028627,0.751816,-0.751328
10534,0.072575,0.9342,-0.606177
10549,0.103705,0.920771,-0.540743
10565,0.155466,0.848379,-0.547824
10580,0.125801,0.788561,-0.524629
10596,0.059391,0.783312,-0.478484
10612,-0.013368,0.85314,-0.267167
10627,0.108588,0.938473,-0.231276
10643,0.064884,1.036257,-0.235061
10659,-0.000549,0.938351,-0.201001
10674,-0.04584,0.794177,-0.276933
10690,0.053897,0.659647,-0.152902
10705,-0.077825,0.560642,0.345541
10721,-0.257645,0.632424,0.457853
10736,-0.121162,0.822377,0.360557
10752,-0.20503,0.995483,0.38778
10768,0.00531,1.007813,0.545504
10784,-0.084539,0.813954,0.618385
10799,-0.018251,0.584447,0.695172
10815,0.023012,0.600439,0.809192
10831,0.006897,0.533297,0.922481
10846,-0.094427,0.421596,0.929561
10862,-0.042666,0.24263,0.872673
10877,0.009583,0.107001,0.842031
10893,-0.015199,0.217359,1.034792
10908,-0.074162,0.256668,1.092535
10924,-0.093084,0.099432,1.08106
10940,-0.145334,-0.066471,1.063358
10955,-0.177318,-0.116035,1.116828
10971,-0.228469,-0.081121,1.128426
10987,-0.192944,0.0235,1.142465
11002,-0.184643,0.036196,1.030031
11018,-0.122261,-0.233962,0.797839
11033,-0.041201,-0.368248,0.750351
11049,0.050601,-0.263383,0.943966
11064,0.018739,-0.170848,1.042605
11080,-0.014955,-0.197217,1.0094
11096,-0.0141,-0.189648,0.868522
11112,0.062199,-0.157175,0.879631
11127,0.07758,-0.227492,0.876701
11143,0.079778,-0.32198,0.94714
11158,0.027529,-0.28731,1.029543
11174,0.000916,-0.26204,0.991577
11190,0.016664,0.059391,1.100104
11205,0.073186,-0.124825,1.043093
11221,0.027651,-0.32491,1.094488
11236,0.020326,-0.384972,1.09693
11252,-0.030825,-0.337362,1.155283
11268,-0.103461,-0.117988,1.102667
11283,0.053653,0.02704,1.129036
11299,0.164378,-0.021303,1.168467
11315,0.162058,-0.159128,1.162364
11330,0.154856,-0.230666,1.062626
11346,0.077703,-0.211011,1.003662
11362,0.054264,-0.115547,0.981322
11377,-0.021303,-0.027773,1.037478
11393,0.00824,0.033877,1.028078
11408,0.023256,-0.027529,0.926387
11424,0.024965,-0.08869,0.856314
11440,0.039492,0.047427,0.908198
11455,0.018251,0.150583,0.983153
11471,0.03583,0.14045,0.968138
11486,0.017274,0.127144,0.890985
11502,0.106391,0.08051,0.830922
11518,0.09931,0.069401,0.883416
11533,0.080754,0.126289,0.943478
11549,0.070622,0.14216,0.992187
11564,0.059757,0.072453,1.005127
11580,0.096014,0.078313,0.929317
11596,0.091009,0.094427,0.993774
11611,0.044986,0.151315,1.034426
11627,0.048038,0.159128,1.040896
11643,0.036196,0.14338,1.000366
11658,0.069523,0.089178,0.95239
11674,0.063786,0.020326,0.982665
11690,0.05524,-0.007874,0.986083
11705,0.047183,0.085515,1.011109
11721,0.033266,0.091375,1.055545
11736,0.025209,0.115302,1.058109
11752,0.032412,0.078679,1.047366
11768,0.040713,0.071721,1.04114
11783,0.023988,0.073796,1.04114
11799,0.005921,0.058048,1.029665
11815,0.010193,0.053043,1.016725
11830,0.030336,0.019227,1.001953
11846,0.031801,0.003968,1.008545
11861,0.030092,-0.011903,1.005493
11877,0.036074,0.008118,1.00586
11892,0.038638,0.016541,1.00647
11908,0.034731,0.034853,1.005493
11924,0.049747,0.040225,1.002564
11939,0.057438,0.019471,1.003052
11955,0.046084,-0.0141,1.003296
11971,0.042056,-0.017152,1.007813
11986,0.032167,0.007142,1.013795
12002,0.031069,0.001892,0.995605
12017,0.044009,-0.0047,1.004883
12033,0.039004,-0.011048,0.984862
12049,0.033022,-0.080754,1.072881
12064,0.042056,-0.049991,1.026003
12080,0.031069,-0.035342,1.021119
12096,0.027651,-0.011903,1.013062
12111,0.0141,-0.050723,0.973265
12127,0.036929,-0.046695,1.072636
12142,0.034365,0.003968,1.025514
12158,0.023256,0.016053,1.022829
12174,0.022157,0.003235,1.001953
12189,0.015077,-0.033877,0.989501
12205,0.011292,-0.047427,0.994751
12221,0.013368,-0.05463,0.999268
12236,0.013734,-0.047916,0.990966
12252,0.010316,-0.044619,0.989501
12268,0.004578,-0.048038,0.999146
12283,-0.003601,-0.065739,1.000366
12299,-0.000061,-0.037661,1.005005
12314,-0.005432,-0.039736,0.997803
12330,-0.005432,-0.034243,0.998169
12346,-0.001526,-0.043154,0.992431
12361,0.005432,-0.045474,0.993286
12377,0.012391,-0.052554,0.995605
12392,0.005799,-0.0423,1.001343
12408,0.004456,-0.044742,1.005493
12424,0.00409,-0.059025,1.003052
12439,0.008606,-0.058536,1.001709
12455,0.014466,-0.053897,0.99646
12471,0.012025,-0.031801,1.009766
12486,0.008729,-0.034853,1.017213
12502,0.002991,-0.057804,0.995971
12517,0.002014,-0.05756,1.003296
12533,0.003357,-0.055606,1.006958
12548,0.008729,-0.053775,1.011597
12564,0.012513,-0.052921,1.010499
12580,0.014222,-0.068791,1.002808
12595,0.019838,-0.062565,0.997436
12611,0.016786,-0.067326,1.007203
12627,0.014344,-0.065495,1.009522
12642,0.014344,-0.065983,1.000488
12658,0.012635,-0.056949,0.996826
12674,0.0047,-0.048526,0.997803
12689,0.005066,-0.047549,0.994506
12705,0.007386,-0.05524,0.992187
12720,0.005921,-0.064884,1.000732
12736,0.008973,-0.0611,1.007569
12752,0.016664,-0.059635,1.006348
12767,0.012513,-0.060001,1.008545
12783,0.00824,-0.067204,1.004883
12799,0.008729,-0.070866,1.005249
12814,0.012269,-0.067082,1.008301
12830,0.014466,-0.067936,1.009888
12845,0.009705,-0.064396,1.005615
12861,0.001038,-0.063664,1.006592
12877,-0.000305,-0.063053,1.004517
12892,0.00531,-0.069767,0.999756
12908,0.006653,-0.070012,1.002564
12924,0.005188,-0.065617,1.004273
12939,0.00531,-0.060245,1.002442
12955,0.006165,-0.06464,0.995605
12971,0.008851,-0.070256,0.997436
12986,0.011048,-0.075139,1.000366
13002,0.006287,-0.069157,1.009522
13017,0.005799,-0.06464,1.008667
13033,0.007386,-0.067814,0.998413
13048,0.009339,-0.0705,1.000488
13064,0.009339,-0.079778,0.998413
13080,0.015077,-0.080144,1.001221
13095,0.015565,-0.075261,1.011353
13111,0.01764,-0.068791,1.011597
13126,0.020448,-0.062687,1.00879
13142,0.019349,-0.066471,1.000732
13158,0.012513,-0.069523,0.997925
13174,0.011536,-0.075749,0.997681
13189,0.006531,-0.069645,1.005493
13205,0.013612,-0.064884,1.001221
13220,0.00824,-0.070988,0.99646
13236,0.007386,-0.07758,0.994384
13252,0.006775,-0.078679,0.997192
13267,0.008851,-0.074528,1.00586
13283,0.007386,-0.076115,1.005127
13299,0.008118,-0.080144,1.003174
13314,0.012635,-0.082219,0.999756
13330,0.009827,-0.080877,1.009156
13345,0.007386,-0.070988,1.010865
13361,0.004578,-0.072209,1.005738
13377,0.000305,-0.080999,0.998779
13392,0.002747,-0.083684,1.002564
13408,0.006165,-0.074528,1.000244
13424,0.013734,-0.076238,0.99646
13439,0.009217,-0.078801,0.99707
13455,0.00409,-0.080877,1.008423
13470,0.004212,-0.078313,1.007569
13486,0.012025,-0.086492,0.995727
13502,0.012025,-0.085027,1.004761
13517,0.004334,-0.110419,0.99707
13533,0.007264,-0.088323,0.997925
13548,0.004456,-0.077825,1.020509
13564,0.001526,-0.077825,1.015382
13580,0.007508,-0.076482,1.007081
13595,0.008729,-0.078557,0.997192
13611,0.008729,-0.089544,0.994262
13627,-0.001404,-0.095648,1.001465
13642,0.010438,-0.077703,1.000977
13658,0.016297,-0.076238,1.000977
13673,0.010193,-0.081731,0.992797
13689,0.007874,-0.092962,0.991088
13705,0.007142,-0.095526,0.995361
13720,0.003968,-0.083928,1.004517
13736,-0.000549,-0.081365,1.00293
13752,-0.003479,-0.094671,1.003052
13767,0.000916,-0.091497,0.995727
13783,0.000793,-0.098089,0.988891
13798,0.006165,-0.095892,0.996826
13814,-0.000183,-0.089178,1.010987
13830,0.003968,-0.092718,1.004883
13845,0.005188,-0.097967,0.993286
13861,0.00702,-0.104682,0.997558
13876,0.002014,-0.10163,1.007691
13892,-0.002503,-0.094427,1.009278
13908,0.001648,-0.101996,1.003052
13923,0.00763,-0.1081,0.995117
13939,0.011292,-0.084295,1.012086
13955,0.006287,-0.07758,1.010621
13970,0.003601,-0.113105,0.989135
13986,0.003601,-0.119697,0.985595
14001,0.009583,-0.085638,1.022218
14017,0.001404,-0.099676,1.000244
14032,0.009949,-0.114692,0.991699
14048,0.012513,-0.098822,0.995849
14064,0.005188,-0.098334,0.998779
14080,-0.00116,-0.106025,0.996826
14095,0.00531,-0.109199,0.98474
14111,0.005188,-0.104315,0.998779
14126,-0.002258,-0.100653,1.005127
14142,0.000793,-0.100287,1.006348
14158,0.004944,-0.083562,1.019288
14173,0.003845,-0.128853,0.977782
14189,0.004822,-0.118232,1.013795
14204,-0.005066,-0.110297,0.994384
14220,0.010316,-0.112251,0.984252
14236,0.006043,-0.086248,1.006836
14251,0.012025,-0.12043,0.986694
14267,0.002503,-0.1175,0.997192
14283,0.002625,-0.101386,1.001709
14298,-0.000794,-0.107856,1.008057
14314,0.000549,-0.11811,0.997436
14329,0.005066,-0.112128,1.003296
14345,0.005432,-0.1081,1.001709
14361,0.005188,-0.113838,1.001221
14376,-0.000549,-0.111396,0.999878
14392,-0.001892,-0.111518,1.004517
14408,-0.003723,-0.114082,1.001831
14423,-0.001282,-0.110297,0.998535
14439,0.004212,-0.112617,0.999146
14454,0.006897,-0.113349,1.000488
14470,0.009705,-0.117866,0.988281
14486,0.01117,-0.113105,0.988158
14501,0.005066,-0.108466,0.997436
14517,0.001648,-0.106879,1.000977
14532,-0.000671,-0.112006,0.996338
14548,0.004212,-0.117866,0.997314
14564,0.0047,-0.115547,0.999756
14579,0.000793,-0.120063,1.00232
14595,0.00177,-0.120796,1.002198
14611,0.000061,-0.117378,1.000366
14626,0.001648,-0.117866,0.998901
14642,0.003845,-0.117866,0.998901
14658,0.000427,-0.117866,0.997192
14673,0.004456,-0.120552,0.997192
14689,0.004456,-0.122871,1.000244
14704,0.002625,-0.124702,1.00232
14720,0.000916,-0.12104,0.997803
14736,0.001282,-0.116035,0.996338
14751,-0.000427,-0.114326,0.992919
14767,-0.001892,-0.119819,0.994629
14783,-0.005066,-0.118965,0.990478
14798,0.001038,-0.11164,0.997803
14814,0.002747,-0.12458,0.994873
14829,-0.000794,-0.124336,0.997558
14845,0.000916,-0.11811,1.004273
14860,0.002503,-0.122993,1.001709
14876,0.00116,-0.124458,0.995239
14892,-0.002625,-0.119575,0.999268
14907,0.002014,-0.120308,0.996704
14923,0.00409,-0.122505,0.989379
14939,0.000061,-0.120918,0.992675
14954,-0.000427,-0.116645,0.995483
14970,0.001648,-0.122871,0.994873
14986,0.003113,-0.128975,0.99353
15001,0.002747,-0.131539,0.996704
15017,-0.000794,-0.122017,1.008667
15032,0.002869,-0.119941,1.004151
15048,0.006897,-0.127022,0.995971
15064,0.003479,-0.130318,0.993652
15079,0.001526,-0.127266,1.000366
15095,-0.000671,-0.124214,1.003296
15111,0.000061,-0.119697,1.001709
15126,0.003113,-0.124092,0.997192
15142,-0.000427,-0.126656,0.989501
15157,-0.002258,-0.12983,0.991577
15173,0.000793,-0.124947,0.996582
15189,0.000793,-0.120308,0.997925
15204,-0.003845,-0.125801,0.998047
15220,-0.002747,-0.133126,0.995727
15236,-0.000916,-0.134957,0.997681
15251,-0.00116,-0.13923,0.993408
15267,-0.000671,-0.132638,0.996094
15282,-0.003601,-0.128731,1.002564
15298,-0.002625,-0.123848,1.000977
15314,-0.003601,-0.127022,1.001953
15329,-0.000671,-0.131417,0.994995
15345,-0.000794,-0.128487,0.994995
15360,0.00116,-0.125923,0.993652
15376,0.000427,-0.130074,0.992431
15392,0.000916,-0.128243,0.997803
15407,0.000061,-0.13044,0.999634
15423,-0.002136,-0.130806,0.995849
15438,-0.005066,-0.130562,0.996948
15454,-0.001526,-0.131783,0.994995
15470,-0.000427,-0.129708,0.996216
15485,-0.001892,-0.131661,1.00061
15501,0.001526,-0.132149,0.998535
15517,-0.000061,-0.133614,0.993042
15532,0.001404,-0.131173,0.994506
15548,-0.001648,-0.134469,0.995971
15564,0.000305,-0.134224,0.994018
15579,-0.003968,-0.129219,0.996094
15595,-0.008484,-0.133492,0.996704
15610,-0.007874,-0.132027,0.998535
15626,-0.007752,-0.130684,0.997681
15642,-0.005066,-0.133126,0.999512
15657,-0.003968,-0.131295,1.000122
15673,0.000427,-0.134591,0.994751
15688,-0.001282,-0.138375,0.993896
15704,-0.001038,-0.135323,0.997436
15720,-0.002503,-0.135934,0.999268
15735,-0.003601,-0.126534,0.995239
15751,-0.000916,-0.126289,0.992309
15767,0.000671,-0.128243,0.991455
15782,0.000671,-0.13691,0.990234
15798,-0.003113,-0.133736,0.994384
15813,-0.004944,-0.134957,0.99707
15829,-0.003113,-0.135934,0.994995
15845,-0.003113,-0.131295,0.994995
15860,-0.002258,-0.132393,0.994629
15876,-0.000916,-0.133248,0.995971
15892,0.001038,-0.135812,0.997314
15907,-0.00238,-0.138863,0.996338
15923,-0.002991,-0.137399,0.999146
15939,-0.005066,-0.139596,0.995483
15954,-0.007264,-0.135201,0.996948
15970,-0.004822,-0.134469,0.998901
15985,-0.003723,-0.137154,0.996948
16001,-0.00531,-0.141183,0.994384
16016,-0.00763,-0.141915,0.994873
16032,-0.002869,-0.137399,0.99353
16048,-0.000671,-0.137521,0.992431
16063,-0.002136,-0.143014,0.991943
16079,-0.003601,-0.141061,0.997558
16095,-0.003479,-0.138131,1.001099
16110,-0.003723,-0.138741,0.996216
16126,-0.00409,-0.139108,0.991821
16142,-0.008484,-0.139352,0.995727
16157,-0.002747,-0.136422,0.992431
16173,-0.003479,-0.141061,0.990722
16188,-0.006653,-0.139352,0.994506
16204,-0.005555,-0.139474,0.993042
16220,-0.007264,-0.140573,0.999756
16235,-0.003357,-0.138619,0.996338
16251,-0.002747,-0.142648,0.995727
16267,-0.003845,-0.143136,0.992797
16282,-0.002503,-0.144235,0.99646
16298,-0.005921,-0.139596,0.995727
16313,-0.005677,-0.144113,0.994629
16329,-0.008851,-0.14216,0.994629
16344,-0.006165,-0.146554,0.992187
16360,-0.003845,-0.146432,0.988403
16376,-0.003968,-0.147897,0.993042
16392,-0.003723,-0.15156,0.996704
16407,-0.004456,-0.1551,0.995117
16423,-0.006897,-0.153513,0.995605
16438,-0.00531,-0.14863,1.000244
16454,-0.00177,-0.149484,1.002198
16470,-0.003968,-0.14924,0.998047
16485,-0.005555,-0.15278,0.992675
16501,-0.009339,-0.149728,0.98706
16516,-0.007019,-0.141061,0.991943
16532,-0.00531,-0.144113,0.992187
16548,-0.006531,-0.152414,0.991577
16563,-0.005066,-0.154245,0.991699
16579,-0.006531,-0.155832,0.993286
16595,-0.00177,-0.156076,0.995605
16610,-0.001282,-0.158518,0.994262
16626,-0.002869,-0.150705,0.997681
16641,-0.002991,-0.149484,0.993286
16657,-0.001526,-0.150095,0.988647
16672,-0.003601,-0.159373,0.988158
16688,-0.003113,-0.158152,0.991699
16704,-0.005188,-0.155466,0.991943
16720,-0.006775,-0.158396,0.994629
16735,-0.003723,-0.158518,1.000732
16751,-0.005066,-0.158762,0.997436
16766,-0.007386,-0.159128,0.998047
16782,-0.006165,-0.160593,0.992431
16798,-0.005799,-0.159983,0.990844
16813,-0.003479,-0.156199,0.986694
16829,-0.006287,-0.158762,0.986449
16844,-0.01117,-0.154611,0.989868
16860,-0.012635,-0.156687,0.990112
16876,-0.010071,-0.154734,0.986449
16891,-0.008118,-0.155832,0.988525
16907,-0.007386,-0.160105,0.989868
16923,-0.005677,-0.160227,0.990966
16938,-0.005799,-0.163767,0.994629
16954,-0.005799,-0.170115,0.988281
16969,-0.005799,-0.168895,0.992309
16985,-0.005066,-0.165843,0.999878
17001,-0.000549,-0.166087,0.995727
17016,-0.004212,-0.173778,0.991577
17032,-0.011292,-0.168773,0.992187
17048,-0.012635,-0.156321,0.998657
17063,-0.010071,-0.15803,0.994262
17079,-0.006897,-0.162302,0.985595
17094,-0.007264,-0.163889,0.98413
17110,-0.005921,-0.165476,0.986205
17125,-0.007508,-0.169017,0.982787
17141,-0.007142,-0.168895,0.988281
17156,-0.006653,-0.166575,0.99353
17184,-0.006897,-0.16865,0.994873
17200,-0.005432,-0.176219,0.98767
17215,-0.004334,-0.178295,0.992065
17231,-0.011048,-0.17451,0.995605
17247,-0.011536,-0.16865,0.997436
17262,-0.011658,-0.173167,0.989623
17278,-0.008973,-0.169627,0.989501
17293,-0.011048,-0.174266,0.988891
17309,-0.012635,-0.172435,0.986938
17324,-0.006775,-0.173411,0.985595
17340,-0.006897,-0.173167,0.989013
17356,-0.007996,-0.178905,0.991577
17372,-0.010438,-0.175365,0.990478
17387,-0.006409,-0.171824,0.987548
17403,-0.007019,-0.173289,0.986816
17418,-0.005677,-0.172435,0.985839
17434,-0.005432,-0.173411,0.988158
17450,-0.007996,-0.172557,0.988281
17465,-0.009705,-0.17097,0.996094
17481,-0.009705,-0.173167,0.991821
17496,-0.005432,-0.181224,0.988036
17512,-0.006653,-0.182323,0.992431
17528,-0.008973,-0.175365,0.988158
17543,-0.010804,-0.173656,0.988891
17559,-0.015687,-0.177196,0.985717
17575,-0.013123,-0.177074,0.985473
17590,-0.01349,-0.175609,0.990112
17606,-0.012391,-0.174754,0.992431
17621,-0.007264,-0.182445,0.988891
17637,-0.010071,-0.183178,0.989135
17653,-0.010926,-0.178905,0.99121
17668,-0.006531,-0.178905,0.988891
17684,-0.005432,-0.180736,0.990112
17700,-0.006287,-0.181469,0.991699
17715,-0.008729,-0.180492,0.988281
17731,-0.013368,-0.175731,0.98767
17747,-0.012025,-0.177562,0.985717
17762,-0.013368,-0.178905,0.98767
17777,-0.011536,-0.177196,0.990844
17793,-0.009339,-0.176463,0.988525
17809,-0.011903,-0.175487,0.992187
17824,-0.013123,-0.182201,0.987426
17840,-0.009705,-0.1833,0.980345
17856,-0.010071,-0.178783,0.98413
17871,-0.011658,-0.174876,0.986938
17887,-0.012757,-0.175975,0.988891
17903,-0.011414,-0.184765,0.983886
17918,-0.011781,-0.181835,0.985961
17934,-0.011292,-0.182445,0.989379
17949,-0.016053,-0.1833,0.990234
17965,-0.014588,-0.183422,0.989501
17981,-0.012879,-0.181591,0.985839
17996,-0.00824,-0.181591,0.98352
18012,-0.013856,-0.180492,0.985595
18028,-0.015565,-0.184765,0.99121
18043,-0.012269,-0.18623,0.990478
18059,-0.011414,-0.184765,0.986327
18074,-0.014832,-0.183056,0.989501
18090,-0.013734,-0.181835,0.988647
18106,-0.01349,-0.184765,0.98767
18121,-0.015443,-0.18684,0.989379
18137,-0.012025,-0.185497,0.988403
18152,-0.013734,-0.184276,0.988525
18168,-0.012025,-0.190502,0.98706
18184,-0.014832,-0.183544,0.989135
18199,-0.015931,-0.181591,0.992309
18215,-0.013856,-0.187695,0.988036
18230,-0.009705,-0.193066,0.989013
18246,-0.01349,-0.194287,0.989013
18262,-0.011292,-0.191113,0.986205
18278,-0.013612,-0.185741,0.989257
18293,-0.014222,-0.180614,0.986938
18309,-0.015809,-0.178295,0.984008
18324,-0.016664,-0.180736,0.979735
18340,-0.016053,-0.185131,0.985106
18356,-0.015443,-0.186108,0.984984
18371,-0.019349,-0.188671,0.988769
18387,-0.014832,-0.188793,0.991943
18403,-0.013368,-0.189404,0.991455
18418,-0.013001,-0.193066,0.990356
18434,-0.011048,-0.191235,0.986449
18449,-0.014588,-0.187084,0.988036
18465,-0.0141,-0.183666,0.989745
18480,-0.013001,-0.181957,0.984618
18496,-0.014955,-0.187328,0.982665
18512,-0.017884,-0.190258,0.9906
18527,-0.020814,-0.201001,0.986205
18543,-0.014222,-0.17976,0.989013
18559,-0.01117,-0.180614,0.986694
18574,-0.014466,-0.190991,0.988403
18590,-0.013001,-0.190624,0.985351
18606,-0.011658,-0.184887,0.989745
18621,-0.015687,-0.183788,0.986449
18637,-0.015199,-0.186474,0.986205
18652,-0.015809,-0.196484,0.987792
18668,-0.015565,-0.191845,0.985961
18684,-0.014222,-0.186108,0.990234
18699,-0.016542,-0.184765,0.987792
18715,-0.019349,-0.187572,0.984374
18731,-0.019349,-0.186474,0.986694
18746,-0.015809,-0.190624,0.98352
18762,-0.016297,-0.189037,0.982421
18777,-0.013612,-0.187572,0.983397
18793,-0.016664,-0.189037,0.98706
18808,-0.016908,-0.184276,0.9906
18824,-0.013368,-0.188671,0.990234
18840,-0.016419,-0.1927,0.989623
18856,-0.013734,-0.194043,0.9812
18871,-0.018006,-0.188305,0.98413
18887,-0.020692,-0.186962,0.985473
18902,-0.02289,-0.18684,0.98474
18918,-0.02289,-0.186474,0.989501
18934,-0.017152,-0.18745,0.983153
18949,-0.017884,-0.188671,0.983275
18965,-0.01764,-0.192456,0.982665
18980,-0.01349,-0.193188,0.981322
18996,-0.013368,-0.18916,0.98767
19012,-0.018495,-0.183666,0.988281
19027,-0.018251,-0.18391,0.990112
19043,-0.01117,-0.193554,0.981566
19059,-0.015077,-0.196118,0.981933
19074,-0.015321,-0.199902,0.987182
19090,-0.019227,-0.193066,0.991821
19105,-0.018495,-0.191113,0.983397
19121,-0.017274,-0.19038,0.985961
19136,-0.014222,-0.194287,0.983275
19152,-0.017274,-0.194409,0.992187
19168,-0.019105,-0.193798,0.987304
19183,-0.02411,-0.189526,0.981078
19199,-0.025575,-0.18684,0.977538
19215,-0.021303,-0.18391,0.981933
19230,-0.022767,-0.179393,0.980956
19246,-0.014955,-0.177928,0.982177
19262,-0.026796,-0.188549,0.984008
19277,-0.026308,-0.19331,0.990112
19293,-0.029116,-0.188061,0.996826
19308,-0.025453,-0.199292,0.988158
19324,-0.02289,-0.197827,0.981933
19340,-0.023622,-0.198559,0.99353
19355,-0.037051,-0.171947,1.011842
19371,-0.032656,-0.184643,0.995117
19387,-0.02936,-0.201611,0.97473
19402,-0.026186,-0.216749,0.963377
19418,-0.021669,-0.216749,0.972899
19433,-0.016053,-0.196484,0.98474
19449,-0.011414,-0.182445,0.98413
19465,-0.010438,-0.208692,0.970335
19480,-0.012513,-0.201367,0.985839
19496,-0.012147,-0.181469,1.000366
19512,-0.012025,-0.178905,0.999634
19527,-0.01471,-0.197461,0.989501
19543,-0.012635,-0.214307,0.979613
19558,-0.011903,-0.212232,0.981322
19574,-0.021547,-0.205762,0.986694
19590,-0.030458,-0.19685,0.991699
19605,-0.034853,-0.189648,0.984008
19621,-0.037417,-0.205152,0.970823
19636,-0.043399,-0.210157,0.976195
19652,-0.040103,-0.214063,0.973143
19668,-0.036074,-0.207105,0.973265
19683,-0.034975,-0.183788,0.982421
19699,-0.040957,-0.182689,0.993774
19714,-0.047549,-0.199658,0.993408
19730,-0.045108,-0.208082,0.989745
19746,-0.03876,-0.191479,0.998169
19762,-0.020204,-0.194775,0.982909
19777,-0.023256,-0.209547,0.963987
19793,-0.018495,-0.208082,0.967894
19808,-0.006165,-0.192822,0.97827
19824,-0.00116,-0.19624,0.984374
19840,-0.006409,-0.197949,0.985473
19855,-0.002869,-0.230666,0.981933
19871,0.002747,-0.23445,0.987548
19887,-0.002625,-0.218336,0.989257
19902,-0.013856,-0.200879,1.000488
19918,-0.03229,-0.204175,0.995727
19933,-0.042422,-0.221022,0.999146
19949,-0.041568,-0.218824,1.015382
19964,-0.055484,-0.201978,1.019166
19980,-0.068547,-0.217482,0.974852
19996,-0.064152,-0.22151,0.954343
20011,-0.03644,-0.226149,0.960569
20027,-0.028505,-0.200024,0.967527
20043,-0.038882,-0.175365,0.97534
20058,-0.026918,-0.181835,0.982787
20074,-0.04584,-0.195141,0.948727
20090,-0.002625,-0.17451,0.941891
20105,-0.048404,-0.185741,1.00293
20121,-0.000427,-0.143747,0.959226
20136,0.015321,-0.146554,0.984862
20152,0.022768,-0.129708,1.032839
20168,-0.038882,-0.146432,1.065312
20183,-0.033755,-0.25264,1.0094
20199,0.053165,-0.324178,1.014283
20215,0.00238,-0.2961,1.104132
20230,-0.016664,-0.383874,0.943722
20246,0.018983,-0.335409,0.945797
20261,-0.007019,-0.283526,0.975096
20277,-0.043765,-0.214552,0.991088
20292,-0.06464,-0.135323,0.973631
20308,-0.083318,-0.083562,0.962156
20324,-0.090765,-0.095038,0.971434
20339,-0.107367,-0.139718,0.968382
20355,-0.108588,-0.173778,0.975096
20371,-0.097845,-0.204785,0.967161
20386,-0.08283,-0.229567,0.925533
20402,-0.084173,-0.241897,0.891473
20418,-0.070866,-0.248123,0.870109
20433,-0.049625,-0.260453,0.865592
20449,-0.044375,-0.244949,0.888299
20464,-0.033999,-0.22151,0.917598
20480,-0.027529,-0.198682,0.959226
20496,-0.003113,-0.209302,1.011842
20511,-0.006043,-0.218824,1.062382
20527,-0.017274,-0.232497,1.078984
20543,-0.01349,-0.214307,1.070683
20558,-0.012025,-0.205884,1.051883
20574,-0.008729,-0.206128,1.017091
20589,-0.002747,-0.222609,0.991699
20605,0.007874,-0.232497,0.976439
20621,0.0047,-0.238235,0.977782
20636,-0.013368,-0.248001,0.993408
20652,-0.023988,-0.259843,1.003784
20668,-0.016542,-0.263505,1.007447
20683,-0.028017,-0.264359,0.998047
20699,-0.041568,-0.246902,0.998413
20714,-0.040957,-0.226027,0.993164
20730,-0.039248,-0.220045,0.989501
20746,-0.01764,-0.198437,0.986327
20761,-0.020082,-0.183666,0.970823
20777,-0.027773,-0.174998,0.952145
20792,-0.010438,-0.180736,0.933712
20808,0.009705,-0.195141,0.921748
20824,0.0047,-0.198804,0.947262
20839,-0.013123,-0.197461,0.985717
20855,-0.025087,-0.198193,1.005493
