28,-1.013673,-0.023378,0.027406
44,-1.014283,-0.022035,0.025941
60,-1.013062,-0.020936,0.025087
75,-1.008667,-0.020692,0.025331
91,-1.007447,-0.022523,0.027529
107,-1.004151,-0.023256,0.028993
122,-1.00061,-0.026552,0.02936
138,-1.000122,-0.029604,0.030214
153,-0.999145,-0.031191,0.033999
169,-0.998413,-0.033266,0.030581
185,-0.999268,-0.0329,0.030825
200,-0.998047,-0.033144,0.02936
216,-0.99414,-0.033388,0.029116
231,-0.992431,-0.034609,0.029116
247,-0.992675,-0.036929,0.027773
263,-0.990844,-0.037783,0.027773
278,-0.989745,-0.031801,0.0235
294,-0.987548,-0.026308,0.023134
310,-0.986449,-0.02704,0.02643
325,-0.983031,-0.028505,0.025819
341,-0.981322,-0.028017,0.024477
356,-0.978881,-0.02704,0.024721
372,-0.98059,-0.0329,0.018861
388,-0.981444,-0.033388,0.016664
403,-0.991821,-0.026918,0.01349
419,-0.988525,-0.02936,0.016419
435,-0.987426,-0.036074,0.004944
450,-0.984618,-0.049136,0.002014
466,-0.992797,-0.048526,-0.002991
481,-0.979857,-0.023622,0.024965
497,-0.98059,-0.030092,0.02643
513,-0.989013,-0.033632,0.024721
528,-0.998291,-0.031435,0.019105
544,-0.984374,-0.02643,0.021547
560,-0.983397,-0.023622,0.023988
575,-0.989745,-0.028871,0.022645
591,-0.994873,-0.03229,0.022645
606,-0.993774,-0.030214,0.022035
622,-0.985229,-0.019716,0.02643
638,-0.981933,-0.015931,0.028383
653,-0.979735,-0.01703,0.023134
669,-0.98413,-0.025331,0.023134
684,-1,-0.017762,0.017884
700,-0.996582,-0.019105,0.026674
716,-0.992431,-0.015687,0.022157
731,-0.987304,-0.018251,0.020326
747,-0.983031,-0.025819,0.016908
763,-0.987182,-0.026552,0.019227
778,-0.985229,-0.028139,0.023866
794,-0.989257,-0.030336,0.024599
809,-0.993286,-0.033999,0.019105
825,-0.987304,-0.032412,0.025453
841,-0.984984,-0.038271,0.025941
856,-0.980712,-0.040713,0.023256
872,-0.98059,-0.039858,0.026308
888,-0.985473,-0.031801,0.02289
903,-0.982543,-0.026186,0.020448
919,-0.988158,-0.020204,0.023622
934,-0.993286,-0.022401,0.02289
950,-0.995605,-0.022767,0.024599
966,-0.996338,-0.026552,0.025819
981,-0.99292,-0.021058,0.028261
997,-0.988647,-0.019838,0.031923
1013,-0.983886,-0.024721,0.03229
1028,-0.983642,-0.027284,0.03229
1044,-0.988525,-0.030214,0.034609
1059,-0.993286,-0.02704,0.026918
1075,-0.994506,-0.027651,0.030214
1090,-0.998535,-0.024599,0.030458
1106,-0.998169,-0.028749,0.029848
1122,-0.991332,-0.02997,0.028261
1138,-0.988769,-0.037539,0.028749
1153,-0.989257,-0.038271,0.028261
1169,-0.983031,-0.040835,0.024232
1184,-0.982177,-0.033999,0.02643
1200,-0.992431,-0.019593,0.035586
1216,-0.990112,-0.019716,0.034609
1231,-0.989135,-0.029848,0.028993
1247,-0.983764,-0.034975,0.02411
1262,-0.983764,-0.031557,0.032534
1278,-0.985961,-0.034609,0.034975
1294,-0.988525,-0.035342,0.034975
1309,-0.994018,-0.031069,0.028505
1325,-0.992431,-0.032412,0.032167
1341,-0.995239,-0.025697,0.029238
1356,-0.994751,-0.028261,0.032045
1372,-0.994751,-0.03644,0.030581
1387,-0.990478,-0.032167,0.037661
1403,-0.984374,-0.025453,0.040347
1419,-0.98181,-0.023012,0.037661
1434,-0.981078,-0.025697,0.028017
1450,-0.980712,-0.029238,0.028139
1466,-0.98767,-0.02289,0.029238
1481,-0.989135,-0.028261,0.028993
1497,-0.986938,-0.030214,0.028505
1512,-0.985839,-0.021669,0.032778
1528,-0.989379,-0.023744,0.037661
1544,-0.992187,-0.020936,0.03229
1559,-0.987792,-0.024721,0.039126
1575,-0.993408,-0.032656,0.032778
1590,-1.002686,-0.033632,0.029604
1606,-0.996216,-0.027162,0.033388
1622,-0.985595,-0.024477,0.030947
1637,-0.989013,-0.031801,0.032534
1653,-0.989013,-0.028871,0.033266
1669,-0.98767,-0.023744,0.037661
1684,-0.983397,-0.023866,0.040347
1700,-0.988525,-0.025697,0.032778
1715,-0.99121,-0.020936,0.035219
1731,-0.988525,-0.024232,0.032534
1747,-0.994751,-0.030947,0.030458
1762,-0.99121,-0.031069,0.028871
1778,-0.985351,-0.03058,0.024965
1794,-0.982543,-0.020692,0.030336
1809,-0.976683,-0.015687,0.032534
1825,-0.98059,-0.018983,0.029482
1841,-0.978636,-0.025942,0.028627
1856,-0.984862,-0.027284,0.030947
1872,-0.990356,-0.025209,0.033144
1887,-0.983764,-0.022523,0.031679
1903,-0.987304,-0.026308,0.033144
1918,-0.990234,-0.025331,0.036196
1934,-0.990722,-0.026796,0.03229
1950,-0.981322,-0.028627,0.032167
1965,-0.989257,-0.020326,0.026918
1981,-0.992187,-0.030825,0.024477
1997,-0.997558,-0.027529,0.029482
2012,-0.992065,-0.023012,0.038393
2028,-0.988281,-0.024477,0.03876
2044,-0.986327,-0.027895,0.037783
2059,-0.988036,-0.027162,0.033266
2075,-0.989257,-0.018983,0.032045
2090,-0.986449,-0.0235,0.031313
2106,-0.982299,-0.025942,0.030214
2122,-0.985839,-0.027406,0.034975
2137,-0.989501,-0.029726,0.033266
2153,-0.988647,-0.033877,0.036684
2169,-0.99292,-0.031435,0.034487
2184,-0.991332,-0.028383,0.035586
2200,-0.996216,-0.0329,0.034731
2215,-0.992797,-0.021058,0.03998
2231,-0.993042,-0.009705,0.04816
2246,-0.994995,-0.021425,0.045596
2262,-0.993774,-0.023744,0.041079
2278,-0.98999,-0.029238,0.034731
2294,-0.98706,-0.026674,0.037783
2309,-0.985595,-0.025575,0.040957
2325,-0.988036,-0.021425,0.0423
2340,-0.983153,-0.019716,0.040957
2356,-0.983153,-0.02411,0.039492
2372,-0.993042,-0.022767,0.037173
2387,-0.992553,-0.024355,0.034853
2403,-0.992431,-0.026064,0.038516
2418,-0.991821,-0.02057,0.038516
2434,-0.986571,-0.018495,0.041934
2450,-0.98767,-0.026918,0.03876
2465,-0.991943,-0.023256,0.040469
2481,-0.990844,-0.015199,0.041079
2497,-0.984496,-0.017518,0.038638
2512,-0.987182,-0.020204,0.040469
2528,-0.983764,-0.003601,0.047916
2543,-0.97827,-0.01471,0.0423
2559,-0.979613,-0.026186,0.034731
2574,-0.982543,-0.025575,0.034731
2590,-0.984984,-0.018739,0.040103
2606,-0.995239,-0.016542,0.04523
2621,-0.997681,-0.015687,0.043521
2637,-0.997436,-0.015321,0.046817
2653,-0.995117,-0.022645,0.045718
2668,-0.990112,-0.034487,0.038393
2684,-0.982665,-0.035342,0.039126
2700,-0.986083,-0.027529,0.043399
2715,-0.985595,-0.023134,0.041201
2731,-0.988647,-0.025575,0.03644
2746,-0.992675,-0.019838,0.039248
2762,-0.996338,-0.015321,0.041079
2778,-0.990478,-0.01703,0.04169
2793,-0.988647,-0.022157,0.037417
2809,-0.98999,-0.026918,0.039736
2825,-0.989623,-0.025453,0.045718
2840,-0.988525,-0.022401,0.045108
2856,-0.984252,-0.02643,0.040469
2871,-0.984618,-0.025819,0.040835
2887,-0.985717,-0.026308,0.038882
2903,-0.989379,-0.023256,0.046206
2918,-0.992553,-0.025819,0.047671
2934,-0.99414,-0.026796,0.043643
2950,-0.989379,-0.021425,0.045474
2965,-0.985839,-0.019593,0.044375
2981,-0.988891,-0.018129,0.046573
2996,-0.9906,-0.020448,0.04523
3012,-0.9906,-0.019227,0.040591
3028,-0.985839,-0.019471,0.042422
3043,-0.982055,-0.022157,0.038393
3059,-0.985961,-0.020936,0.035219
3074,-0.981444,-0.019227,0.040103
3090,-0.986571,-0.022401,0.044619
3106,-0.993652,-0.031191,0.041445
3121,-0.992797,-0.026552,0.042788
3137,-0.988036,-0.019227,0.043032
3153,-0.985229,-0.020936,0.041323
3168,-0.98706,-0.017884,0.045596
3184,-0.987182,-0.024232,0.046206
3199,-0.989257,-0.029482,0.045962
3215,-0.992553,-0.025453,0.046084
3231,-0.989868,-0.025697,0.044497
3246,-0.987182,-0.024599,0.047427
3262,-0.995239,-0.026918,0.044009
3277,-0.992797,-0.0329,0.038516
3293,-0.990966,-0.031313,0.040469
3309,-0.988647,-0.026064,0.046084
3324,-0.986205,-0.021913,0.04584
3340,-0.984862,-0.027529,0.040957
3356,-0.984374,-0.020936,0.039004
3371,-0.982299,-0.021181,0.045474
3387,-0.986205,-0.023378,0.043887
3402,-0.987548,-0.023988,0.042178
3418,-0.989501,-0.021913,0.044619
3434,-0.989135,-0.015687,0.049258
3449,-0.993774,-0.016175,0.054142
3465,-0.995239,-0.018739,0.052677
3481,-0.995605,-0.023012,0.051212
3496,-0.993896,-0.02289,0.053897
3512,-0.995849,-0.023378,0.048404
3527,-0.987426,-0.023988,0.046206
3543,-0.985473,-0.019471,0.050113
3559,-0.98767,-0.024599,0.04877
3574,-0.989135,-0.032045,0.043277
3590,-0.98706,-0.020448,0.046329
3606,-0.983275,-0.011781,0.045962
3621,-0.980101,-0.013734,0.043643
3637,-0.983153,-0.017396,0.046573
3652,-0.986938,-0.020448,0.051944
3668,-0.989745,-0.022157,0.047427
3684,-0.989745,-0.022767,0.047305
3699,-0.990844,-0.015077,0.046939
3715,-0.983397,-0.018495,0.047916
3730,-0.98413,-0.019227,0.0517
3746,-0.985473,-0.0235,0.052799
3762,-0.990234,-0.021425,0.055484
3778,-0.992187,-0.026918,0.049991
3793,-0.995239,-0.024355,0.04877
3809,-0.992065,-0.019471,0.048892
3824,-0.99292,-0.018495,0.048526
3840,-0.987792,-0.018373,0.049136
3856,-0.990478,-0.026552,0.047793
3871,-0.988281,-0.021425,0.052677
3887,-0.989501,-0.018495,0.056583
3902,-0.981444,-0.018983,0.051334
3918,-0.983886,-0.017884,0.050967
3934,-0.988036,-0.01703,0.050113
3949,-0.987792,-0.021303,0.046451
3965,-0.989135,-0.022401,0.049014
3981,-0.989623,-0.023866,0.047183
3996,-0.993774,-0.023378,0.053165
4012,-0.989379,-0.024721,0.053043
4027,-0.989379,-0.02411,0.054019
4043,-0.989135,-0.019105,0.058048
4058,-0.993408,-0.025819,0.055362
4074,-0.99292,-0.023744,0.050723
4090,-0.990478,-0.021181,0.056217
4106,-0.990844,-0.019349,0.054264
4121,-0.992553,-0.020814,0.049258
4137,-0.986816,-0.018861,0.056949
4152,-0.983275,-0.018739,0.060245
4168,-0.987914,-0.017274,0.056095
4184,-0.983642,-0.02289,0.053287
4199,-0.989013,-0.018983,0.050723
4215,-0.986571,-0.015687,0.051212
4230,-0.987426,-0.015931,0.05231
4246,-0.986816,-0.01117,0.054264
4262,-0.98474,-0.020814,0.052799
4277,-0.986816,-0.020204,0.053165
4293,-0.982543,-0.022157,0.055973
4309,-0.982299,-0.025209,0.05109
4324,-0.985473,-0.024843,0.053653
4340,-0.99292,-0.01996,0.056095
4355,-0.991455,-0.021913,0.053897
4371,-0.991088,-0.022035,0.052799
4386,-0.988647,-0.025819,0.053775
4402,-0.985595,-0.026064,0.057804
4418,-0.98706,-0.028383,0.057193
4434,-0.985351,-0.032656,0.052432
4449,-0.989379,-0.027406,0.05109
4465,-0.986205,-0.023988,0.054996
4480,-0.988036,-0.01471,0.056949
4496,-0.992065,-0.015931,0.052921
4511,-0.987548,-0.019105,0.049869
4527,-0.98999,-0.020204,0.055606
4543,-0.989135,-0.020692,0.058414
4558,-0.98999,-0.016175,0.058536
4574,-0.988769,-0.019105,0.057315
4590,-0.991821,-0.019471,0.055484
4605,-0.993164,-0.018983,0.056339
4621,-0.986571,-0.024355,0.0517
4637,-0.988036,-0.025209,0.050967
4652,-0.986571,-0.027651,0.052432
4668,-0.979857,-0.022035,0.052677
4683,-0.980468,-0.026796,0.050357
4699,-0.981322,-0.025942,0.05109
4715,-0.983764,-0.024477,0.051822
4730,-0.988403,-0.030703,0.049625
4746,-0.986205,-0.027651,0.051212
4762,-0.983275,-0.019349,0.053409
4777,-0.983397,-0.019227,0.058414
4793,-0.989501,-0.017396,0.06171
4808,-0.990478,-0.022157,0.057926
4824,-0.991455,-0.025819,0.054508
4840,-0.994629,-0.022157,0.060245
4855,-0.996216,-0.020326,0.065739
4871,-0.99121,-0.020936,0.06049
4886,-0.989501,-0.021669,0.055118
4902,-0.986938,-0.022035,0.056827
4918,-0.989623,-0.021303,0.057193
4933,-0.987914,-0.023134,0.055729
4949,-0.98181,-0.018373,0.055606
4965,-0.981933,-0.021058,0.053775
4980,-0.986571,-0.018983,0.057071
4996,-0.986083,-0.018983,0.054996
5012,-0.980834,-0.023012,0.053287
5027,-0.982787,-0.024355,0.057193
5043,-0.990722,-0.02643,0.059025
5058,-0.989868,-0.025819,0.060001
5074,-0.991577,-0.02289,0.059757
5090,-0.991332,-0.021669,0.062809
5105,-0.989745,-0.015809,0.060978
5121,-0.988769,-0.021913,0.056583
5137,-0.988403,-0.025087,0.058048
5152,-0.992309,-0.024355,0.060856
5168,-0.993286,-0.020082,0.065251
5183,-0.990966,-0.019716,0.064396
5199,-0.989135,-0.021425,0.057926
5214,-0.988403,-0.020082,0.059147
5230,-0.985595,-0.015199,0.05817
5246,-0.986938,-0.021181,0.057926
5262,-0.984252,-0.024843,0.056705
5277,-0.98059,-0.023622,0.060001
5293,-0.984008,-0.019716,0.063297
5308,-0.981322,-0.022279,0.059391
5324,-0.987182,-0.01996,0.057315
5340,-0.989868,-0.02643,0.056339
5355,-0.990112,-0.024355,0.052921
5371,-0.987914,-0.021913,0.053897
5386,-0.983397,-0.018861,0.058658
5402,-0.983886,-0.016297,0.061954
5418,-0.985107,-0.014222,0.066105
5433,-0.988036,-0.013734,0.065128
5449,-0.992675,-0.017762,0.06464
5464,-0.993042,-0.022401,0.06464
5480,-0.992553,-0.022523,0.060367
5496,-0.99414,-0.016419,0.062443
5511,-0.990234,-0.017152,0.062809
5527,-0.985229,-0.018861,0.058658
5542,-0.985229,-0.023134,0.06403
5558,-0.988525,-0.024232,0.066105
5574,-0.986205,-0.026308,0.061954
5590,-0.986694,-0.022279,0.061222
5605,-0.989501,-0.014222,0.057315
5621,-0.98999,-0.00824,0.061344
5636,-0.982421,-0.013368,0.058903
5652,-0.985351,-0.019105,0.055118
5668,-0.984862,-0.019593,0.056095
5683,-0.982055,-0.01471,0.053897
5699,-0.974486,-0.015687,0.060734
5714,-0.982055,-0.017152,0.062931
5730,-0.986449,-0.025697,0.06403
5746,-0.989379,-0.027895,0.061588
5761,-0.99646,-0.021058,0.067326
5777,-0.995727,-0.021913,0.06403
5793,-0.996338,-0.021913,0.059391
5808,-0.99353,-0.019105,0.063908
5824,-0.988281,-0.024843,0.062321
5839,-0.986205,-0.025331,0.064518
5855,-0.986938,-0.022279,0.06464
5870,-0.983642,-0.016664,0.066349
5886,-0.984008,-0.016786,0.062687
5902,-0.99121,-0.020204,0.06171
5918,-0.989501,-0.021669,0.060978
5933,-0.993164,-0.01996,0.063175
5949,-0.990478,-0.016664,0.065373
5964,-0.983275,-0.019349,0.06464
5980,-0.984008,-0.015687,0.062321
5996,-0.984008,-0.020692,0.063053
6011,-0.988891,-0.026186,0.06049
6027,-0.990478,-0.023866,0.063419
6042,-0.992553,-0.017884,0.063542
6058,-0.989623,-0.016786,0.066227
6074,-0.989379,-0.023988,0.064152
6089,-0.992065,-0.021791,0.067448
6105,-0.988158,-0.019471,0.068669
6121,-0.989257,-0.022767,0.068669
6136,-0.987182,-0.026796,0.064884
6152,-0.99414,-0.020936,0.065006
6167,-0.992431,-0.015199,0.070378
6183,-0.988036,-0.0141,0.066105
6199,-0.989013,-0.014344,0.071965
6214,-0.988891,-0.020936,0.068547
6230,-0.987548,-0.026674,0.064396
6246,-0.98474,-0.025575,0.060978
6261,-0.984984,-0.021303,0.062809
6277,-0.987914,-0.014588,0.063297
6292,-0.985351,-0.011903,0.061466
6308,-0.986083,-0.014588,0.06403
6324,-0.989135,-0.015077,0.069157
6339,-0.993652,-0.015931,0.067692
6355,-0.988036,-0.018983,0.062809
6370,-0.984618,-0.014344,0.068425
6386,-0.982665,-0.011781,0.068303
6402,-0.978514,-0.021058,0.062077
6417,-0.982299,-0.022523,0.063053
6433,-0.979735,-0.027651,0.062565
6449,-0.983397,-0.028139,0.06403
6464,-0.991088,-0.024965,0.067814
6480,-0.992797,-0.022523,0.070256
6496,-0.996216,-0.023622,0.069035
6511,-0.997192,-0.028017,0.065006
6527,-0.994995,-0.019838,0.069767
6542,-0.988769,-0.016175,0.070866
6558,-0.986816,-0.019593,0.065373
6574,-0.985839,-0.018983,0.064396
6589,-0.981688,-0.016908,0.065861
6605,-0.983031,-0.013368,0.070378
6621,-0.985717,-0.012513,0.071721
6636,-0.987548,-0.017884,0.069645
6652,-0.991088,-0.018495,0.070988
6667,-0.989868,-0.015931,0.073063
6683,-0.983886,-0.016053,0.066349
6698,-0.983153,-0.019227,0.065495
6714,-0.989501,-0.013978,0.067814
6730,-0.990234,-0.019471,0.068791
6745,-0.99121,-0.0235,0.065617
6761,-0.989623,-0.023012,0.065861
6777,-0.988158,-0.021303,0.066471
6792,-0.983886,-0.028505,0.063297
6808,-0.986816,-0.03058,0.064396
6824,-0.986571,-0.025575,0.065495
6839,-0.98999,-0.024599,0.069767
6855,-0.992065,-0.023622,0.065617
6870,-0.99292,-0.027284,0.061344
6886,-0.988281,-0.022157,0.064884
6902,-0.986205,-0.017884,0.068058
6917,-0.982543,-0.0141,0.065373
6933,-0.98059,-0.018373,0.065495
6949,-0.984374,-0.02057,0.067082
6964,-0.992797,-0.017274,0.070012
6980,-0.992187,-0.018129,0.070134
6995,-0.987182,-0.018373,0.065128
7011,-0.987304,-0.012391,0.065983
7026,-0.984374,-0.012025,0.068791
7042,-0.986449,-0.016297,0.067814
7058,-0.980712,-0.016175,0.062565
7074,-0.978758,-0.014588,0.067936
7089,-0.983764,-0.012269,0.066349
7105,-0.981444,-0.019716,0.064152
7120,-0.979857,-0.02643,0.067082
7136,-0.985717,-0.025331,0.065739
7152,-0.995117,-0.026674,0.063664
7167,-0.994629,-0.022401,0.064396
7183,-0.994995,-0.020326,0.065006
7198,-0.992553,-0.015809,0.072453
7214,-0.991821,-0.017396,0.072941
7230,-0.989745,-0.018373,0.076115
7245,-0.991943,-0.020326,0.069767
7261,-0.99353,-0.015443,0.075627
7277,-0.991088,-0.019716,0.071843
7292,-0.987548,-0.019838,0.068669
7308,-0.988281,-0.020814,0.066593
7323,-0.988158,-0.020692,0.06696
7339,-0.984008,-0.019349,0.067326
7354,-0.986694,-0.020204,0.066349
7370,-0.986694,-0.021058,0.066715
7386,-0.994018,-0.0141,0.069401
7402,-0.987548,-0.016419,0.068669
7417,-0.985595,-0.021669,0.060001
7433,-0.980468,-0.020204,0.064762
7448,-0.975462,-0.018129,0.066227
7464,-0.97412,-0.014588,0.067082
7480,-0.977904,-0.012757,0.065861
7495,-0.986938,-0.016053,0.067326
7511,-0.993042,-0.017152,0.071232
7526,-0.99414,-0.015687,0.072941
7542,-0.994995,-0.018373,0.072209
7558,-0.987304,-0.020448,0.072819
7573,-0.986327,-0.018861,0.074651
7589,-0.987304,-0.019593,0.073552
7605,-0.986938,-0.021791,0.071965
7620,-0.994384,-0.023378,0.069767
7636,-0.990966,-0.013612,0.072209
7651,-0.985961,-0.015321,0.069035
7667,-0.984862,-0.019227,0.067692
7683,-0.983031,-0.020692,0.071965
7698,-0.987182,-0.020814,0.071721
7714,-0.986205,-0.02411,0.072575
7730,-0.989135,-0.02057,0.069645
7745,-0.990722,-0.014955,0.072331
7761,-0.989501,-0.015443,0.068303
7776,-0.992797,-0.016664,0.066593
7792,-0.989135,-0.0141,0.073186
7808,-0.98474,-0.013612,0.074406
7823,-0.983642,-0.013734,0.075261
7839,-0.98706,-0.015687,0.07111
7854,-0.986938,-0.018373,0.072209
7870,-0.992065,-0.014466,0.072087
7886,-0.993652,-0.01349,0.074773
7901,-0.986816,-0.015565,0.073308
7917,-0.983275,-0.010926,0.070988
7933,-0.982055,-0.011536,0.078801
7948,-0.982787,-0.015443,0.071355
7964,-0.986694,-0.021547,0.068425
7980,-0.989135,-0.016297,0.069279
7995,-0.987792,-0.012635,0.070378
8011,-0.982055,-0.017762,0.072331
8026,-0.984618,-0.022157,0.068058
8042,-0.986816,-0.027284,0.070134
8058,-0.985473,-0.025942,0.068547
8073,-0.988158,-0.019349,0.069035
8089,-0.989135,-0.012025,0.071843
8104,-0.984618,-0.010316,0.071721
8120,-0.982299,-0.010804,0.072209
8136,-0.98706,-0.013856,0.073552
8151,-0.990234,-0.009705,0.077336
8167,-0.987426,-0.008851,0.076604
8182,-0.987426,-0.012147,0.076848
8198,-0.989501,-0.011903,0.072575
8214,-0.987426,-0.016786,0.071355
8229,-0.988525,-0.018617,0.071355
8245,-0.98767,-0.017274,0.073674
8260,-0.989135,-0.01764,0.071721
8276,-0.992553,-0.009339,0.07697
8292,-0.99121,-0.011903,0.071477
8308,-0.987426,-0.016908,0.073063
8323,-0.991821,-0.020204,0.077458
8339,-0.982787,-0.02057,0.077214
8354,-0.962034,-0.006897,0.075017
8370,-0.952023,0.001038,0.072819
8386,-0.958249,-0.005555,0.06818
8401,-0.979369,-0.017274,0.061222
8417,-0.994018,-0.033632,0.058048
8433,-1.001099,-0.028017,0.059513
8448,-1.001831,-0.015199,0.07111
8464,-0.996582,-0.010193,0.0705
8479,-0.997681,-0.013612,0.060001
8495,-0.991699,-0.025453,0.069767
8510,-0.991455,-0.024477,0.083196
8526,-0.982909,-0.023744,0.091741
8542,-0.982299,-0.027529,0.089178
8558,-0.979491,-0.034365,0.085515
8573,-0.985351,-0.03876,0.08051
8589,-0.993164,-0.037661,0.082952
8604,-0.995849,-0.035952,0.08576
8620,-1.004883,-0.03351,0.077336
8636,-0.995483,-0.030703,0.068303
8651,-0.983031,-0.023378,0.069767
8667,-0.982909,-0.025697,0.072331
8682,-0.993774,-0.040225,0.06464
8698,-0.987304,-0.046084,0.063664
8714,-0.974364,-0.037173,0.068913
8729,-0.971434,-0.026064,0.075627
8745,-0.978881,-0.030458,0.073918
8760,-0.983275,-0.040347,0.070988
8776,-0.998413,-0.050357,0.072209
8792,-1.007569,-0.048404,0.076482
8807,-1.002075,-0.044742,0.080388
8823,-0.989868,-0.044375,0.071599
8838,-0.985473,-0.050357,0.070134
8854,-0.998901,-0.050601,0.073186
8870,-1.004151,-0.044253,0.074773
8886,-0.998169,-0.034853,0.072575
8901,-0.991332,-0.025087,0.067692
8917,-0.990356,-0.020448,0.076848
8932,-0.989013,-0.023378,0.077092
8948,-0.981444,-0.023256,0.07758
8963,-0.968748,-0.029726,0.073796
8979,-0.969603,-0.034121,0.07758
8995,-0.976683,-0.034975,0.07929
9010,-0.984252,-0.036562,0.07929
9026,-0.993408,-0.033266,0.070256
9042,-0.992553,-0.030092,0.061954
9057,-0.989135,-0.034975,0.067448
9073,-0.99353,-0.037295,0.066105
9089,-0.988769,-0.037295,0.067448
9104,-0.982787,-0.035342,0.074162
9120,-0.98474,-0.032778,0.06989
9135,-0.981322,-0.039736,0.068303
9151,-0.978758,-0.047549,0.062077
9167,-0.981688,-0.046817,0.06464
9182,-0.982909,-0.046084,0.06757
9198,-0.985107,-0.042178,0.066715
9214,-0.991699,-0.042666,0.07343
9229,-0.996338,-0.047793,0.06696
9245,-0.991943,-0.051822,0.0611
9260,-0.985595,-0.043399,0.065495
9276,-0.984862,-0.033755,0.070256
9292,-0.983642,-0.043032,0.062809
9307,-0.986083,-0.046695,0.060978
9323,-0.978026,-0.041445,0.061588
9338,-0.978758,-0.026918,0.066349
9354,-0.980345,-0.031679,0.065495
9370,-0.980956,-0.033388,0.06464
9385,-0.979613,-0.035097,0.065251
9401,-0.99414,-0.034731,0.071477
9417,-1.023805,-0.059147,0.066349
9432,-1.036745,-0.062565,0.069279
9448,-1.024782,-0.062687,0.079778
9464,-1.000488,-0.071354,0.096991
9479,-0.962644,-0.051334,0.072575
9495,-0.949582,-0.025331,0.073063
9510,-0.947507,-0.018006,0.069767
9526,-0.946774,-0.036318,0.044009
9542,-0.957517,-0.040591,0.036196
9557,-0.973997,-0.013245,0.052921
9573,-0.982665,-0.015565,0.06049
9589,-0.995483,-0.022401,0.062565
9604,-1.007691,-0.025209,0.075017
9632,-1.006348,-0.027284,0.081121
9647,-0.982299,-0.038882,0.086004
9663,-0.989379,-0.023012,0.097113
9678,-0.986694,-0.002625,0.103583
9694,-0.990722,-0.00177,0.087103
9710,-0.988525,-0.006287,0.075749
9725,-0.991577,-0.002625,0.074773
9741,-0.980101,-0.011048,0.078557
9757,-0.967283,-0.028505,0.080388
9772,-0.982665,-0.035952,0.072941
9788,-0.988769,-0.028749,0.074406
9803,-0.991821,-0.020692,0.083318
9819,-0.999268,-0.019471,0.085271
9834,-0.99353,-0.030458,0.0799
9850,-0.983397,-0.039004,0.069401
9866,-0.972533,-0.038638,0.06757
9882,-0.973753,-0.035952,0.063786
9897,-0.970823,-0.042544,0.064274
9913,-0.972655,-0.031679,0.066593
9928,-0.980101,-0.023256,0.076848
9944,-0.988403,-0.009705,0.08344
9959,-0.990722,-0.013856,0.082464
9975,-0.989501,-0.026064,0.078313
9991,-0.990112,-0.038149,0.079778
10006,-0.989135,-0.044986,0.067204
10022,-0.991821,-0.050479,0.070988
10038,-0.992675,-0.050357,0.076726
10053,-0.99707,-0.054508,0.083074
10069,-0.996826,-0.056217,0.089788
10085,-0.995727,-0.05817,0.086858
10100,-0.985961,-0.060123,0.082708
10116,-0.983031,-0.061222,0.079534
10131,-0.991088,-0.058414,0.083318
10147,-0.982421,-0.069157,0.078801
10162,-0.98059,-0.084051,0.073796
10178,-0.997314,-0.069035,0.072575
10194,-1.001221,-0.051944,0.065006
10210,-0.999512,-0.053531,0.074406
10225,-0.987792,-0.065617,0.075627
10241,-0.983275,-0.094305,0.052188
10256,-0.97473,-0.11103,0.061466
10272,-0.979125,-0.100897,0.053165
10288,-0.992675,-0.073674,0.059635
10303,-0.996826,-0.062809,0.071843
10319,-0.999878,-0.070256,0.061832
10334,-0.975829,-0.078557,0.068913
10350,-0.966307,-0.086858,0.062199
10366,-0.963621,-0.070134,0.066715
10381,-0.968992,-0.04938,0.081487
10397,-1.002319,-0.020814,0.082464
10413,-1.02759,-0.053531,0.108344
10428,-1.045169,0.005432,0.075139
10444,-1.024171,-0.018617,0.133248
10459,-1.060795,0.046206,0.134469
10475,-1.027712,0.042178,0.099921
10490,-1.054325,0.053165,0.082708
10506,-1.041018,0.063175,0.038027
10522,-1.049686,0.103461,0.045596
10538,-1.050662,0.187206,0.035464
10553,-1.066166,0.242996,0.036562
10569,-1.05054,0.242996,0.066593
10584,-1.011842,0.224074,0.093573
10600,-0.90832,0.360923,0.078435
10616,-0.783922,0.322468,0.055118
10631,-0.775499,0.376427,-0.002258
10647,-0.634743,0.377403,0.01996
10662,-0.365928,0.618995,0.055118
10678,-0.059513,0.556247,0.214308
10694,0.244949,0.744247,0.265214
10709,0.33724,0.821522,0.201489
10725,0.411097,0.74852,0.157786
10740,0.424647,0.761948,0.102362
10756,0.413172,0.851065,-0.06171
10772,0.676494,0.644143,-0.12043
10787,0.938961,0.650247,-0.026674
10803,1.129647,0.596533,0.009583
10819,1.165171,0.553073,-0.019471
10834,1.079228,0.760605,0.183666
10850,0.986938,0.815663,0.308063
10866,1.090826,0.838125,0.270707
10881,1.08521,0.751206,0.2209
10897,1.023317,0.669658,0.292437
10912,0.950925,0.54404,0.353842
10928,0.910395,0.413661,0.224196
10944,0.974242,0.394128,0.195508
10959,0.992553,0.135445,0.193676
10975,0.969847,0.024965,0.139718
10990,0.933712,0.072453,0.18452
11006,0.974608,0.108344,0.145211
11022,0.988769,0.149728,0.072331
11037,0.989623,0.143258,0.084783
11053,0.992675,0.075993,0.085638
11069,1.018068,0.019349,0.047549
11084,1.053836,0.006897,0.043887
11100,1.039553,0.003113,0.088689
11116,1.031008,0.015809,0.08576
11131,1.04346,0.083684,0.093573
11147,1.051883,0.123237,0.081365
11162,1.096319,0.115791,-0.012879
11178,1.026491,0.391687,0.089788
11194,1.046756,-0.004334,0.103095
11209,1.095098,-0.029848,-0.120063
11225,1.070805,0.081731,0.104682
11241,1.013428,0.089666,0.065861
11256,0.975218,0.12751,0.088689
11272,0.984496,0.13337,0.018739
11287,0.993408,0.14277,0.05756
11303,1.032351,0.117256,0.015565
11318,1.03821,0.110175,-0.030947
11334,1.010621,0.109565,0.007142
11350,0.96301,0.066715,0.002503
11366,1.012818,0.002014,-0.075383
11381,1.060917,-0.000061,-0.050235
11397,0.999268,0.045352,-0.044986
11412,0.952023,0.074406,-0.074773
11428,0.966673,0.105048,-0.055851
11444,1.029665,0.140573,-0.009461
11459,1.031618,0.075139,0.00702
11475,0.950314,0.032534,0.040347
11490,0.911372,-0.021913,0.073063
11506,0.967161,-0.018495,0.032045
11522,1.008912,-0.007019,-0.022401
11537,1.009888,-0.012025,-0.03937
11553,1.029909,-0.018861,-0.033999
11569,1.033938,-0.018129,-0.037783
11584,1.022096,-0.000427,-0.029848
11600,1.011353,0.003113,-0.024721
11615,1.004517,0.002991,-0.013368
11631,0.998779,0.020814,0.005799
11647,1.00354,-0.000916,0.036806
11662,1.013795,-0.022767,0.03876
11678,1.036745,-0.019349,0.00824
11694,1.071782,0.002869,-0.027529
11709,1.06873,0.028261,-0.037661
11725,1.052371,0.04584,-0.037661
11740,1.020143,0.059635,-0.0235
11756,1.010133,0.05817,-0.019471
11772,1.013184,0.038516,-0.017884
11787,1.005738,0.020204,-0.008729
11803,1.011475,0.014466,-0.00409
11818,1.006714,0.009705,-0.013368
11834,1,0.018129,-0.016053
11850,1.01587,0.013734,-0.02997
11865,1.012696,-0.00531,-0.024599
11881,1.012818,-0.022645,-0.01056
11897,1.019044,-0.043032,-0.012757
11912,0.989745,-0.056095,0.000549
11928,0.97412,-0.049503,-0.006531
11943,0.989379,-0.043521,-0.032778
11959,0.989013,-0.039126,-0.027529
11974,0.996826,-0.021058,-0.028383
11990,1.010255,-0.01349,-0.040957
12006,0.990966,-0.024843,-0.020448
12022,0.984374,-0.036318,-0.000916
12037,0.995727,-0.060612,0.000916
12053,1.015382,-0.065495,-0.003845
12068,1.034792,-0.055851,-0.016786
12084,1.035158,-0.04291,-0.009705
12100,1.034426,-0.028993,0.000671
12115,1.028322,-0.031191,0.013734
12131,1.014161,-0.045108,0.023744
12146,1.005493,-0.05524,0.027284
12162,1.017457,-0.0517,0.002625
12178,1.019166,-0.051944,-0.006043
12193,1.009644,-0.06049,-0.007142
12209,0.992065,-0.069401,-0.007019
12225,0.991943,-0.075627,-0.011903
12240,1.005249,-0.072453,-0.011292
12256,1.017091,-0.067204,-0.022767
12272,1.004151,-0.03876,-0.020326
12287,0.997803,-0.037051,-0.02057
12303,0.999023,-0.055851,-0.010682
12318,1.006958,-0.05878,0.00763
12334,1.029054,-0.043765,-0.000183
12350,1.034304,-0.03998,-0.013856
12365,1.020021,-0.039736,-0.009583
12381,1.018068,-0.040469,-0.009339
12396,1.015016,-0.043765,-0.006043
12412,1.019044,-0.041812,-0.0047
12428,1.026369,-0.039858,-0.002869
12443,1.021241,-0.047305,-0.002991
12459,1.015504,-0.045596,-0.006287
12474,1.008667,-0.051456,-0.018495
12490,1.003174,-0.049258,-0.013612
12506,1.003784,-0.051822,-0.018983
12522,1.011475,-0.052188,-0.014955
12537,1.000488,-0.065251,-0.012391
12553,0.992675,-0.073186,-0.011048
12568,0.99414,-0.070988,-0.018373
12584,1.009156,-0.069523,-0.022279
12600,1.010987,-0.070744,-0.015931
12615,1.009278,-0.057682,-0.008851
12631,1.00232,-0.058536,-0.005921
12646,1.00061,-0.067204,0.000671
12662,0.999634,-0.07758,0.001282
12678,1.010499,-0.084295,-0.002991
12693,1.021241,-0.06989,0.002869
12709,1.035403,-0.056217,-0.005066
12725,1.039187,-0.044009,-0.00177
12740,1.027345,-0.052799,0.000305
12756,1.017701,-0.062199,0.000916
12771,1.013673,-0.060978,-0.003723
12787,1.010621,-0.04938,-0.01764
12802,1.013428,-0.046328,-0.023622
12818,1.010499,-0.05109,-0.020814
12834,1.001953,-0.054019,-0.014588
12850,0.994262,-0.059879,-0.015077
12865,1.007325,-0.066715,-0.018251
12881,1.022218,-0.063908,-0.017762
12896,1.023195,-0.055851,-0.019105
12912,1.018312,-0.043032,-0.01471
12928,1.007691,-0.042178,-0.016053
12943,1.000854,-0.04816,-0.011658
12959,1.005005,-0.051456,-0.009217
12974,1.015504,-0.052799,-0.012513
12990,1.024293,-0.053287,-0.013734
13006,1.025148,-0.056827,-0.014832
13021,1.017946,-0.062199,-0.013978
13037,1.013306,-0.062809,-0.006653
13053,1.016114,-0.063053,-0.008362
13068,1.01819,-0.053897,-0.006775
13084,1.030519,-0.049503,-0.014466
13099,1.035158,-0.047793,-0.022523
13115,1.020875,-0.049991,-0.019838
13130,1.006836,-0.055606,-0.020692
13146,0.994018,-0.064152,-0.017884
13162,0.996704,-0.066471,-0.019105
13178,1.006592,-0.066715,-0.028139
13193,0.999146,-0.070988,-0.0235
13209,0.983397,-0.069035,-0.026186
13224,0.98706,-0.067448,-0.024232
13240,0.999634,-0.079045,-0.031557
13256,1.000854,-0.079778,-0.025453
13271,0.998291,-0.080388,-0.02289
13287,0.995239,-0.087591,-0.021303
13302,0.998169,-0.091619,-0.017274
13318,1.00232,-0.084051,-0.017396
13334,1.01587,-0.069645,-0.018861
13349,1.019655,-0.054264,-0.021181
13365,1.01648,-0.060856,-0.020448
13381,1.021974,-0.067448,-0.01349
13396,1.026735,-0.070988,-0.019105
13412,1.015992,-0.066593,-0.017518
13427,1.018068,-0.053287,-0.0235
13443,1.024171,-0.05817,-0.033632
13459,1.012452,-0.059269,-0.025819
13474,0.997558,-0.056217,-0.020204
13490,0.999878,-0.056217,-0.020082
13506,1.015382,-0.063786,-0.02643
13521,1.022462,-0.068058,-0.029116
13537,1.011964,-0.066838,-0.022523
13552,1.00293,-0.061344,-0.025819
13568,0.996948,-0.061222,-0.030458
13584,1.002808,-0.063908,-0.033022
13599,1.011964,-0.066227,-0.033755
13615,1.018434,-0.060367,-0.034487
13630,1.014405,-0.056217,-0.03583
13646,0.998657,-0.05817,-0.029848
13662,0.989623,-0.060734,-0.025087
13677,0.989501,-0.062931,-0.027773
13693,0.997436,-0.065251,-0.03229
13709,1.009278,-0.06989,-0.031923
13724,1.018068,-0.07697,-0.034487
13740,1.01587,-0.06818,-0.0329
13756,1.00647,-0.0611,-0.030947
13771,1.006348,-0.060978,-0.02411
13787,1.018922,-0.067692,-0.021913
13802,1.023683,-0.072331,-0.021058
13818,1.01941,-0.071965,-0.019593
13834,1.021363,-0.069523,-0.027406
13849,1.008667,-0.061466,-0.025453
13865,0.996582,-0.062199,-0.028993
13881,0.998047,-0.063419,-0.030092
13896,1.011109,-0.079289,-0.035708
13912,1.005127,-0.090521,-0.022645
13927,0.998413,-0.085271,-0.025942
13943,0.992797,-0.073186,-0.031557
13958,1.005005,-0.072453,-0.044864
13974,1.004151,-0.081121,-0.044009
13990,1.007447,-0.088079,-0.030825
14006,1.013795,-0.088201,-0.024843
14021,1.007203,-0.077214,-0.017396
14037,1.002808,-0.067448,-0.016664
14052,1.006348,-0.069157,-0.024355
14068,1.013795,-0.075627,-0.020936
14083,1.016847,-0.082586,-0.028627
14099,1.019899,-0.080144,-0.030458
14115,1.012818,-0.074284,-0.03229
14130,1.008545,-0.075993,-0.034975
14146,1.000854,-0.081609,-0.030825
14162,1.000122,-0.07697,-0.030092
14177,1.006104,-0.070134,-0.029726
14193,1.010621,-0.062321,-0.036684
14209,1.011231,-0.064396,-0.03644
14224,1.005982,-0.072453,-0.030214
14240,0.99939,-0.076726,-0.028383
14255,1.002442,-0.065739,-0.030458
14271,1.009766,-0.063053,-0.038638
14286,1.022096,-0.065006,-0.033388
14302,1.023195,-0.066593,-0.026796
14318,1.018922,-0.065983,-0.021669
14334,1.016969,-0.061832,-0.024599
14349,1.017701,-0.058536,-0.031557
14365,1.016358,-0.060001,-0.02704
14380,1.022462,-0.060612,-0.029482
14396,1.016847,-0.064884,-0.024721
14412,1.011109,-0.066105,-0.028993
14427,0.995971,-0.066471,-0.032412
14443,0.988647,-0.070744,-0.034487
14458,0.993896,-0.07343,-0.035464
14474,1.001831,-0.070866,-0.047427
14490,0.998413,-0.071232,-0.038027
14505,0.994873,-0.072087,-0.034731
14521,0.993896,-0.076238,-0.028505
14537,0.995605,-0.078191,-0.023256
14552,1.008912,-0.071965,-0.026552
14568,1.016603,-0.069035,-0.028505
14583,1.019532,-0.065251,-0.03644
14599,1.005982,-0.061832,-0.031313
14614,1.002198,-0.067448,-0.022523
14630,1.01819,-0.072697,-0.025942
14646,1.026247,-0.068425,-0.023866
14662,1.024415,-0.06171,-0.021669
14677,1.017701,-0.055484,-0.02411
14693,1.008423,-0.054996,-0.028993
14708,1.002198,-0.061222,-0.028383
14724,1.002686,-0.06757,-0.033632
14740,1.004029,-0.072331,-0.027895
14755,1.010377,-0.074162,-0.026918
14771,1.01526,-0.071721,-0.026552
14786,1.017335,-0.069035,-0.028505
14802,1.007813,-0.062077,-0.023012
14818,1.011719,-0.064152,-0.021181
14833,1.016725,-0.06696,-0.020082
14849,1.010865,-0.073918,-0.018006
14865,1.004883,-0.071843,-0.015077
14880,1.009278,-0.068791,-0.024232
14896,1.01233,-0.063908,-0.025942
14911,1.010987,-0.061588,-0.028505
14927,1.01233,-0.061832,-0.026064
14943,1.010499,-0.063053,-0.028871
14958,1.002442,-0.068913,-0.025087
14974,0.993896,-0.075627,-0.021791
14989,0.995971,-0.070744,-0.024232
15005,1.009156,-0.063297,-0.023744
15021,1.017946,-0.060734,-0.02936
15036,1.013306,-0.060123,-0.026796
15052,1.005127,-0.063419,-0.023866
15068,1.002442,-0.073674,-0.017884
15083,1.004517,-0.079534,-0.011781
15099,1.013062,-0.079656,-0.013001
15114,1.019899,-0.074895,-0.015077
15130,1.034304,-0.06696,-0.024965
15146,1.035769,-0.059757,-0.031069
15161,1.021119,-0.056949,-0.025697
15177,1.010255,-0.057926,-0.015321
15193,1.009278,-0.054508,-0.018251
15208,1.011231,-0.049869,-0.016175
15224,1.001465,-0.049991,-0.018739
15240,1.001343,-0.056583,-0.025209
15255,0.999023,-0.059513,-0.036196
15271,1.010133,-0.06757,-0.03058
15286,1.012696,-0.073308,-0.030947
15302,1.001221,-0.069035,-0.024721
15318,0.995605,-0.069645,-0.023744
15333,0.992797,-0.074651,-0.024232
15349,1.00354,-0.076726,-0.02704
15365,1.008667,-0.07758,-0.023866
15380,1.013184,-0.073064,-0.023134
15396,1.015382,-0.067326,-0.018373
15411,1.014527,-0.063053,-0.018739
15427,1.018678,-0.067204,-0.021181
15442,1.021486,-0.06171,-0.021058
15458,1.017213,-0.065739,-0.014832
15474,1.024782,-0.061222,-0.021425
15489,1.018556,-0.056217,-0.020814
15505,1.011597,-0.056339,-0.01764
15521,1.006104,-0.063419,-0.023378
15536,1.008545,-0.062199,-0.027284
15552,1.009644,-0.059391,-0.030825
15568,1.00647,-0.058903,-0.028993
15583,1.001587,-0.059025,-0.023378
15599,0.998169,-0.064518,-0.021425
15614,0.999512,-0.075017,-0.019105
15630,1.0094,-0.078801,-0.018006
15646,1.019899,-0.069645,-0.022767
15661,1.021974,-0.061344,-0.027284
15677,1.019532,-0.056583,-0.028017
15693,1.011231,-0.061222,-0.021547
15708,1.009522,-0.070988,-0.017396
15724,1.015504,-0.073796,-0.022767
15739,1.020143,-0.0611,-0.024965
15755,1.017823,-0.060245,-0.025453
15770,1.018922,-0.053531,-0.023622
15786,1.008423,-0.049991,-0.026918
15802,1.006592,-0.053165,-0.023988
15818,1.001953,-0.06049,-0.022645
15833,0.999878,-0.066838,-0.021791
15849,1.002686,-0.065129,-0.022157
15864,0.99939,-0.06171,-0.020326
15880,0.997681,-0.052066,-0.025575
15896,1.002564,-0.043887,-0.027773
15911,1.009034,-0.042544,-0.027895
15927,1.01294,-0.047671,-0.031069
15942,1.016847,-0.048404,-0.02936
15958,1.020387,-0.057316,-0.034121
15974,1.024904,-0.048526,-0.03351
15989,1.028932,-0.046084,-0.03644
16005,1.021974,-0.03998,-0.027162
16021,1.017335,-0.03229,-0.025331
16036,1.014405,-0.034853,-0.030703
16052,1.011109,-0.039126,-0.034121
16067,1.001465,-0.048892,-0.033632
16083,0.999512,-0.052188,-0.040591
16098,0.995605,-0.043032,-0.037539
16114,0.997681,-0.046573,-0.043765
16130,0.999023,-0.052921,-0.045352
16146,0.989868,-0.056339,-0.037661
16161,0.989868,-0.053287,-0.028871
16177,1.002564,-0.055851,-0.02997
16192,1.004395,-0.050235,-0.024599
16208,1.008301,-0.055973,-0.028749
16224,1.002075,-0.050479,-0.021791
16239,1.012574,-0.044375,-0.027406
16255,1.015016,-0.040713,-0.027529
16270,1.018434,-0.043399,-0.025575
16286,1.019166,-0.046817,-0.024355
16302,1.019899,-0.042788,-0.024232
16317,1.019044,-0.041445,-0.016664
16333,1.015138,-0.037173,-0.0141
16349,1.018678,-0.041079,-0.019227
16364,1.022829,-0.047305,-0.020936
16380,1.025759,-0.051456,-0.023622
16397,1.016725,-0.049014,-0.019349
16411,1.01233,-0.050479,-0.015321
16427,1.014405,-0.050601,-0.011781
16442,1.013917,-0.048526,-0.016542
16458,1.005615,-0.046451,-0.018739
16473,1.013184,-0.050723,-0.02411
16489,1.008912,-0.050479,-0.020326
16505,1.006714,-0.046451,-0.023012
16520,1.008057,-0.035952,-0.027773
16536,1.015382,-0.027529,-0.034853
16552,1.013428,-0.023988,-0.038638
16567,0.994629,-0.028017,-0.033999
16583,0.99646,-0.032656,-0.033388
16598,1.004761,-0.032656,-0.027406
16614,1.01819,-0.022645,-0.029116
16630,1.020509,-0.015199,-0.032167
16645,1.016603,-0.012757,-0.030336
16661,1.016114,-0.018739,-0.026186
16677,1.01587,-0.02643,-0.020814
16692,1.014161,-0.02704,-0.017152
16708,1.032106,-0.025453,-0.020326
16724,1.038332,-0.021547,-0.016297
16739,1.042605,-0.027284,-0.005432
16755,1.040774,-0.034975,-0.004578
16770,1.036623,-0.037905,-0.002258
16786,1.033694,-0.03644,-0.004212
16802,1.030886,-0.042178,-0.00531
16817,1.026857,-0.036196,-0.005066
16833,1.018678,-0.032534,-0.005677
16849,1.014283,-0.026186,-0.013245
16864,1.018068,-0.023622,-0.027651
16880,1.010865,-0.025087,-0.026918
16895,1.007691,-0.025942,-0.037173
16911,1.003418,-0.024599,-0.043521
16926,0.99353,-0.0235,-0.043032
16942,0.986205,-0.014588,-0.043154
16958,0.988891,-0.013978,-0.056949
16973,0.985106,-0.005799,-0.05878
16989,0.990722,-0.001282,-0.060367
17005,0.993408,0.004334,-0.055728
17020,0.995605,0.008362,-0.06171
17036,1.008667,0.001282,-0.06464
17051,1.015382,-0.010804,-0.069401
17067,1.01587,0.001526,-0.064152
17083,1.011231,0.023134,-0.067204
17098,1.00586,0.031191,-0.068547
17114,0.984618,0.026918,-0.054508
17130,0.990966,0.007996,-0.038638
17145,1.007325,-0.000549,-0.031923
17161,1.02234,0.000183,-0.036318
17177,1.034914,0.002014,-0.041568
17192,1.042361,0.005188,-0.042422
17208,1.032839,0.002747,-0.038882
17223,1.016358,-0.008729,-0.031191
17239,1.003174,-0.02643,-0.03937
17254,1.007691,-0.040225,-0.046451
17270,1.04761,-0.040225,-0.062931
17286,1.086065,-0.025453,-0.072819
17301,1.080327,0.004334,-0.05231
17317,1.033449,0.038882,-0.025453
17333,0.98181,0.050479,0.003723
17348,0.965208,0.033144,0.00409
17364,0.969847,0.008851,-0.001648
17380,1.005493,-0.017396,-0.021791
17395,1.035525,-0.017518,-0.043399
17411,1.034182,-0.005921,-0.059269
17426,1.015748,-0.007752,-0.064396
17442,0.990722,-0.024721,-0.060123
17458,0.973021,-0.054874,-0.05817
17473,0.978758,-0.067936,-0.056217
17489,0.996094,-0.063419,-0.061954
17505,0.998413,-0.056949,-0.061344
17520,0.997192,-0.0517,-0.068058
17536,0.984618,-0.046817,-0.068303
17551,0.979857,-0.04169,-0.065251
17567,0.990722,-0.040469,-0.061466
17583,0.988647,-0.041812,-0.055118
17598,0.969603,-0.03937,-0.043399
17614,0.975584,-0.032412,-0.039858
17630,1.008301,-0.027406,-0.048526
17645,1.020997,-0.019227,-0.049869
17661,1.007691,-0.006043,-0.04816
17676,1.002564,-0.002747,-0.050723
17692,0.994751,-0.000061,-0.054996
17708,1.002686,-0.002991,-0.057193
17723,1.01294,-0.0047,-0.060367
17739,1.012208,0.000793,-0.048892
17754,1.011231,0.014955,-0.046573
17770,1.011964,0.030825,-0.048648
17786,1.024904,0.03644,-0.067692
17801,1.020997,0.033754,-0.070378
17817,1.013428,0.018373,-0.057316
17832,1.007813,-0.007752,-0.033632
17848,1.014405,-0.010316,-0.024232
17864,1.028688,0.008729,-0.035219
17879,1.026979,0.023988,-0.03583
17895,1.027345,0.010804,-0.034365
17911,1.029665,0.00116,-0.027529
17926,1.021363,-0.008851,-0.026064
17942,1.016847,-0.006897,-0.036318
17958,1.001099,-0.007019,-0.035708
17973,1.000977,-0.005188,-0.03937
17989,1.004151,0.007142,-0.041323
18005,1.013795,0.012269,-0.046817
18020,1.019532,0.01471,-0.052799
18036,1.003418,0.013734,-0.045474
18051,0.996338,0.016786,-0.041934
18067,1.014894,0.008851,-0.047671
18082,1.019777,0.019105,-0.050601
18098,1.019044,0.033877,-0.044742
18114,1.014161,0.033877,-0.03937
18129,1.00061,0.024477,-0.03644
18145,1.000488,0.014466,-0.025942
18161,1.003052,0.010926,-0.024232
18176,1.010865,0.011536,-0.027284
18192,1.000244,0.014344,-0.025819
18208,1.001221,0.006775,-0.033144
18223,1.005738,-0.000671,-0.030214
18239,1.022096,-0.005799,-0.04169
18254,1.020753,-0.003235,-0.035708
18270,1.021852,-0.002136,-0.026674
18286,1.031252,-0.005921,-0.026064
18301,1.022218,-0.007386,-0.018983
18317,1.025881,-0.007996,-0.02411
18332,1.023195,-0.002503,-0.030947
18348,1.013795,0.008606,-0.026064
18364,1.007813,0.01056,-0.020692
18379,1.010133,0.007996,-0.027895
18395,1.00647,0.001038,-0.02643
18410,1.007691,0.000061,-0.031313
18426,1.010255,0.005677,-0.031557
18442,1.020143,0.009827,-0.037417
18457,1.015382,0.008118,-0.034487
18473,1.010865,0.00177,-0.030703
18489,1.015138,0.00238,-0.033388
18504,1.017823,0.012269,-0.032656
18520,1.01941,0.019593,-0.033877
18536,1.008301,0.023134,-0.023012
18551,0.995361,0.017518,-0.021181
18567,0.997192,0.017518,-0.030092
18582,1.006348,0.018739,-0.039614
18598,1.016725,0.018495,-0.038149
18614,1.014161,0.023378,-0.037173
18629,1.007569,0.019838,-0.031069
18645,1.010865,0.013001,-0.032778
18661,1.007203,0.00531,-0.029604
18676,1.004761,0.00177,-0.026674
18692,1.009278,-0.000671,-0.018006
18707,1.018678,-0.00116,-0.019716
18723,1.012574,-0.000305,-0.014832
18738,1.014649,-0.001282,-0.020936
18754,1.0188,-0.00177,-0.020082
18770,1.02466,0.001404,-0.02411
18786,1.025026,0.004334,-0.023378
18801,1.020875,0.007752,-0.025209
18817,1.013428,0.012879,-0.021425
18832,1.01294,0.014222,-0.025697
18848,1.012574,0.017518,-0.026308
18864,1.015748,0.016664,-0.026186
18879,1.02234,0.011781,-0.025209
18895,1.015992,0.011658,-0.024965
18910,1.003784,0.00531,-0.02057
18926,0.996582,0.001892,-0.021058
18942,1.01001,0.000671,-0.021058
18957,1.025636,-0.004456,-0.025575
18973,1.029176,-0.002991,-0.022279
18989,1.020875,-0.001892,-0.016053
19004,1.010499,0.000916,-0.015687
19020,1.012696,0.000061,-0.021181
19035,1.011353,0.002258,-0.025819
19051,1.00879,0.006043,-0.024843
19067,1.014527,0.006287,-0.024477
19082,1.016236,0.00409,-0.025209
19098,1.01294,0.001648,-0.024599
19114,1.019166,0.007508,-0.027284
19129,1.018312,0.018006,-0.023744
19145,1.013795,0.020326,-0.021669
19160,1.011964,0.019471,-0.020692
19176,1.026003,0.017884,-0.025697
19191,1.026613,0.01471,-0.025942
19207,1.025392,0.013123,-0.033388
19223,1.020997,0.017274,-0.035586
19238,1.015626,0.013978,-0.031069
19254,1.010133,0.00116,-0.023622
19270,1.000854,0.004944,-0.031191
19285,1.00354,0.002625,-0.039614
19301,0.99707,-0.002503,-0.041812
19317,0.990844,-0.002014,-0.03583
19332,0.993896,0.001648,-0.040713
19348,1.002442,0.006531,-0.042422
19363,1.002198,0.002991,-0.039248
19379,1,0.00409,-0.037173
19395,1.004639,0.005188,-0.040835
19410,1.007691,0.0047,-0.040225
19426,1.016358,0.006897,-0.039614
19442,1.017335,0.014466,-0.033022
19457,1.02234,0.014466,-0.027406
19473,1.021486,0.010193,-0.028017
19488,1.018922,0.009949,-0.032656
19504,1.013795,0.011658,-0.038516
19520,1.014039,0.012879,-0.034975
19535,1.015504,0.018129,-0.036929
19551,1.016114,0.018251,-0.033999
19566,1.01233,0.010193,-0.027895
19582,1.009766,0.00116,-0.032534
19598,1.003662,-0.000427,-0.032534
19613,1.006348,0.002747,-0.035586
19629,1.010743,0.007508,-0.038638
19645,1.014649,0.010804,-0.037173
19660,1.01294,0.012513,-0.033999
19676,1.012086,0.005921,-0.032167
19692,1.00354,0.000183,-0.032045
19707,1.006592,0.001404,-0.038516
19723,1.010377,0.00763,-0.03937
19738,1.010133,0.013734,-0.039248
19754,1.008545,0.013001,-0.028017
19770,1.013062,0.005555,-0.031191
19785,1.0188,0.011048,-0.033144
19801,1.017946,0.014832,-0.03644
19817,1.01587,0.016786,-0.036806
19832,1.014405,0.017884,-0.031313
19848,1.01941,0.01764,-0.026674
19863,1.022707,0.020448,-0.031679
19879,1.009156,0.019838,-0.026674
19894,1.004639,0.013123,-0.029238
19910,1.010743,0.005188,-0.034121
19926,1.012452,0.002747,-0.030825
19941,1.016114,0.003968,-0.036196
19957,1.010377,0.006409,-0.02643
19973,1.00647,0.002136,-0.029116
19988,1.010133,0.005432,-0.024965
20004,1.011475,0.006165,-0.030825
20020,1.016236,0.011048,-0.02643
20035,1.015138,0.014344,-0.02411
20051,1.013062,0.006775,-0.02643
20066,1.013551,-0.002869,-0.024721
20082,1.011719,0.000427,-0.027895
20098,1.010255,0.003845,-0.027406
20113,1.018556,0.013245,-0.029116
20129,1.018312,0.013123,-0.026918
20145,1.012452,0.012635,-0.024721
20160,1.006592,0.012391,-0.027284
20176,1.004883,0.00763,-0.036196
20191,1.009034,0.0047,-0.033266
20207,1.01233,-0.003968,-0.024965
20222,1.011964,0.000916,-0.017274
20238,1.014405,-0.002503,-0.016786
20254,1.012452,-0.002991,-0.016175
20270,1.015504,-0.002503,-0.023622
20285,1.010499,0.001892,-0.025331
20301,1.002686,0.002136,-0.027651
20316,1.003296,0.006165,-0.034121
20332,1.005615,0.004578,-0.03583
20348,1.00293,-0.005921,-0.023134
20363,1.002686,-0.009461,-0.020814
20379,1.012818,-0.001282,-0.013123
20394,1.015016,0.010682,-0.007874
20410,1.024293,0.01703,-0.008484
20426,1.023561,0.011292,-0.005799
20441,1.020753,0.012757,-0.006897
20457,1.020753,0.009339,-0.0141
20473,1.018434,0.005921,-0.013001
20488,1.023683,0.011414,-0.018006
20504,1.02173,0.016786,-0.024355
20520,1.013306,0.015443,-0.0235
20535,1.007447,0.009095,-0.024232
20551,1.001343,0.004578,-0.021669
20566,1.000977,0.002747,-0.023012
20582,1.000732,0.007264,-0.023012
20598,1.001587,0.006775,-0.016297
20613,1.010621,0.004822,-0.019593
20629,1.011109,0.005432,-0.018129
20644,1.01294,0.006287,-0.021181
